"id","Created"
"12587",2016-04-19 11:20:11
"12595",2016-04-20 09:48:15
"12598",2016-04-20 12:51:00
"12600",2016-04-20 13:55:18
"12607",2016-04-21 10:13:46
"12634",2016-04-21 12:27:38
"12635",2016-04-21 16:14:07
"12639",2016-04-22 08:41:19
"12644",2016-04-22 16:29:41
"12651",2016-04-24 12:53:10
"12660",2016-04-25 11:57:38
"12662",2016-04-25 13:30:18
"12675",2016-04-26 15:17:26
"12692",2016-04-28 13:34:46
"12696",2016-04-28 16:39:24
"12697",2016-04-28 17:31:33
"12699",2016-04-28 17:31:34
"12702",2016-04-28 17:31:35
"12704",2016-04-28 17:31:36
"12703",2016-04-28 17:31:36
"12707",2016-04-28 17:31:38
"12706",2016-04-28 17:31:38
"12709",2016-04-28 17:31:39
"12708",2016-04-28 17:31:39
"12711",2016-04-28 17:31:40
"12712",2016-04-28 17:31:41
"12713",2016-04-28 17:31:41
"12715",2016-04-28 17:31:42
"12714",2016-04-28 17:31:42
"12720",2016-04-28 17:31:45
"12722",2016-04-28 17:31:46
"12725",2016-04-29 15:20:03
"12728",2016-04-29 20:20:04
"12731",2016-05-02 10:54:38
"12740",2016-05-03 09:10:03
"12742",2016-05-03 09:10:05
"12746",2016-05-03 09:10:07
"12745",2016-05-03 09:10:07
"12758",2016-05-04 10:20:04
"12782",2016-05-06 19:00:04
"12788",2016-05-09 14:40:04
"12795",2016-05-10 12:48:33
"12806",2016-05-11 17:32:30
"12811",2016-05-12 07:40:05
"12812",2016-05-12 07:40:06
"12813",2016-05-12 07:50:05
"12821",2016-05-12 14:50:04
"12823",2016-05-12 23:00:04
"12827",2016-05-16 08:20:04
"12836",2016-05-17 06:06:43
"12839",2016-05-17 11:08:51
"12840",2016-05-17 11:16:52
"12853",2016-05-19 16:14:27
"12860",2016-05-20 11:50:03
"12861",2016-05-21 01:44:49
"12866",2016-05-24 06:10:04
"12867",2016-05-24 06:20:03
"12868",2016-05-24 06:30:04
"12875",2016-05-25 11:05:06
"12877",2016-05-26 11:30:04
"12880",2016-05-27 11:36:13
"12881",2016-05-27 13:14:35
"12886",2016-05-30 05:23:14
"12894",2016-06-01 07:43:46
"12902",2016-06-02 04:50:04
"12917",2016-06-06 12:40:04
"12920",2016-06-06 18:06:33
"12930",2016-06-08 23:13:28
"12931",2016-06-09 10:10:04
"12937",2016-06-09 13:40:07
"12940",2016-06-10 08:56:37
"12941",2016-06-10 09:40:04
"12942",2016-06-10 09:40:05
"12945",2016-06-10 13:50:04
"12946",2016-06-10 14:50:04
"12963",2016-06-14 12:05:07
"12966",2016-06-14 18:40:04
"12967",2016-06-15 05:20:04
"12968",2016-06-15 07:59:50
"12985",2016-06-20 12:40:04
"12988",2016-06-21 08:18:32
"12989",2016-06-21 09:10:04
"12990",2016-06-21 10:50:04
"12991",2016-06-21 11:00:04
"12993",2016-06-21 11:10:04
"12994",2016-06-21 11:10:05
"12995",2016-06-21 11:10:06
"13028",2016-06-25 07:40:04
"13032",2016-06-27 05:21:50
"13033",2016-06-27 05:37:14
"13034",2016-06-27 12:00:03
"13039",2016-06-27 17:03:50
"13044",2016-06-28 12:10:04
"13046",2016-06-28 16:30:04
"13053",2016-07-01 12:47:45
"13054",2016-07-04 09:50:04
"13055",2016-07-04 10:00:04
"13056",2016-07-04 10:20:04
"13057",2016-07-04 16:53:32
"13062",2016-07-06 07:55:05
"13071",2016-07-07 08:30:03
"13072",2016-07-07 08:31:01
"13093",2016-07-10 17:03:32
"13097",2016-07-11 12:01:43
"13109",2016-07-12 11:54:31
"13110",2016-07-12 14:10:04
"13116",2016-07-13 12:42:49
"13120",2016-07-13 22:22:47
"13121",2016-07-14 08:41:22
"13124",2016-07-14 11:30:04
"13125",2016-07-14 11:30:05
"13144",2016-07-18 05:00:04
"13167",2016-07-20 18:00:03
"13189",2016-07-26 21:30:04
"13201",2016-08-01 12:59:03
"13213",2016-08-03 18:12:14
"13215",2016-08-04 04:30:05
"13217",2016-08-04 18:00:04
"13223",2016-08-05 13:09:01
"13225",2016-08-07 11:20:03
"13226",2016-08-08 12:22:28
"13233",2016-08-10 09:58:27
"13235",2016-08-10 14:00:11
"13248",2016-08-11 22:10:04
"13252",2016-08-12 14:10:04
"13262",2016-08-15 07:00:52
"13271",2016-08-15 16:50:03
"13272",2016-08-15 17:40:03
"13280",2016-08-16 10:50:03
"13281",2016-08-16 11:30:03
"13284",2016-08-18 06:37:16
"13291",2016-08-19 14:40:18
"13303",2016-08-23 11:15:09
"13318",2016-08-25 22:50:03
"13319",2016-08-25 23:10:03
"13322",2016-08-26 14:46:39
"13324",2016-08-27 00:20:03
"13325",2016-08-27 00:20:04
"13326",2016-08-27 00:30:03
"13327",2016-08-27 00:30:04
"13328",2016-08-27 13:30:04
"13333",2016-08-30 09:17:34
"13337",2016-08-30 17:39:39
"13339",2016-08-31 06:53:59
"13340",2016-08-31 07:25:03
"13342",2016-09-01 08:41:25
"13343",2016-09-01 10:00:04
"13349",2016-09-05 16:48:51
"13352",2016-09-07 00:46:59
"13362",2016-09-09 07:20:03
"13363",2016-09-09 07:20:04
"13378",2016-09-13 14:34:51
"13379",2016-09-13 14:56:05
"13380",2016-09-13 14:57:18
"13390",2016-09-14 17:01:19
"13398",2016-09-15 16:40:04
"13404",2016-09-16 14:21:09
"13407",2016-09-18 12:22:09
"13416",2016-09-20 09:20:03
"13417",2016-09-20 09:40:03
"13418",2016-09-20 10:00:03
"13419",2016-09-20 10:20:04
"13428",2016-09-21 12:00:03
"13429",2016-09-21 13:10:04
"13437",2016-09-22 19:14:36
"13449",2016-09-26 15:12:50
"13469",2016-09-30 11:00:07
"13483",2016-10-04 07:10:05
"13499",2016-10-06 08:00:09
"13504",2016-10-07 11:26:54
"13513",2016-10-10 10:30:03
"13516",2016-10-10 14:40:04
"13520",2016-10-10 21:25:14
"13531",2016-10-13 11:57:56
"13532",2016-10-13 15:30:02
"13537",2016-10-14 08:29:53
"13544",2016-10-14 11:36:50
"13545",2016-10-14 12:38:34
"13546",2016-10-14 13:50:03
"13597",2016-10-24 06:34:30
"13606",2016-10-24 12:00:04
"13614",2016-10-24 22:49:48
"13621",2016-10-25 11:40:06
"13662",2016-10-31 16:04:49
"13666",2016-11-01 12:10:03
"13668",2016-11-01 12:37:41
"13698",2016-11-03 19:20:03
"13703",2016-11-05 15:50:04
"13709",2016-11-08 09:43:16
"13710",2016-11-08 09:53:36
"13724",2016-11-09 06:13:26
"13728",2016-11-10 05:14:51
"13730",2016-11-10 10:00:04
"13742",2016-11-11 17:40:09
"13743",2016-11-12 10:29:13
"13771",2016-11-15 17:26:53
"13788",2016-11-18 11:20:04
"13795",2016-11-21 10:39:34
"13803",2016-11-21 16:50:03
"13836",2016-11-28 09:50:03
"13840",2016-11-28 11:00:03
"13843",2016-11-28 13:10:04
"13866",2016-11-29 13:30:04
"13894",2016-12-01 10:45:03
"13908",2016-12-01 14:50:04
"13909",2016-12-01 15:19:21
"13956",2016-12-07 18:00:04
"13969",2016-12-08 13:00:04
"13979",2016-12-09 10:10:04
"14041",2016-12-16 10:50:04
"14069",2016-12-20 07:25:07
"14079",2016-12-21 08:25:50
"14092",2016-12-22 12:10:04
"14098",2016-12-27 18:10:04
"14099",2016-12-28 10:44:40
"14101",2016-12-28 18:30:04
"14107",2017-01-02 16:38:01
"14110",2017-01-03 09:27:26
"14112",2017-01-03 12:22:15
"14131",2017-01-04 22:02:00
"14142",2017-01-05 23:18:19
"14212",2017-01-23 23:40:05
"14259",2017-02-01 06:52:38
"14262",2017-02-01 09:40:04
"14267",2017-02-02 10:03:44
"14268",2017-02-02 10:55:11
"14270",2017-02-02 12:38:12
"14274",2017-02-03 10:39:47
"14275",2017-02-03 12:10:04
"14307",2017-02-07 12:00:03
"14316",2017-02-09 10:00:03
"14320",2017-02-10 13:10:04
"14336",2017-02-15 12:00:04
"14344",2017-02-16 03:00:04
"14345",2017-02-16 15:30:03
"14347",2017-02-17 10:00:04
"14352",2017-02-20 13:10:04
"14362",2017-02-22 01:23:53
"14370",2017-02-23 06:49:21
"14385",2017-02-24 12:30:04
"14397",2017-02-27 10:40:04
"14434",2017-03-06 18:27:12
"14436",2017-03-07 07:09:41
"14441",2017-03-08 06:52:40
"14476",2017-03-14 12:23:46
"14477",2017-03-14 13:04:52
"14482",2017-03-15 05:13:35
"14484",2017-03-15 09:50:18
"14487",2017-03-15 12:09:10
"14489",2017-03-16 10:10:43
"14496",2017-03-17 12:54:54
"14507",2017-03-20 12:10:55
"14512",2017-03-21 11:09:08
"14513",2017-03-21 13:17:28
"14517",2017-03-22 12:11:30
"14520",2017-03-23 08:51:48
"14522",2017-03-23 11:00:04
"14525",2017-03-23 14:00:03
"14526",2017-03-23 14:20:04
"14528",2017-03-24 06:20:03
"14544",2017-03-26 04:30:04
"14555",2017-03-26 20:10:03
"14562",2017-03-27 18:42:51
"14572",2017-03-29 12:46:25
"14577",2017-03-30 15:10:03
"14581",2017-04-03 04:59:37
"14588",2017-04-04 10:55:53
"14594",2017-04-05 08:20:58
"14596",2017-04-05 16:06:48
"14597",2017-04-05 16:27:18
"14609",2017-04-07 07:52:02
"14614",2017-04-09 21:18:20
"14616",2017-04-10 07:48:37
"14618",2017-04-10 09:10:23
"14635",2017-04-10 18:00:22
"14644",2017-04-13 09:40:22
"14647",2017-04-13 15:20:35
"14654",2017-04-14 15:08:02
"14655",2017-04-17 11:32:40
"14657",2017-04-17 14:11:36
"14662",2017-04-18 10:09:07
"14677",2017-04-20 07:37:28
"14701",2017-04-21 12:00:25
"14705",2017-04-24 11:00:45
"14720",2017-04-24 14:56:09
"14728",2017-04-25 13:25:23
"14743",2017-04-27 15:55:36
"14745",2017-04-28 13:55:22
"14759",2017-05-02 12:55:00
"14769",2017-05-04 13:50:23
"14776",2017-05-05 17:21:45
"14781",2017-05-08 10:23:30
"14782",2017-05-08 10:39:54
"14784",2017-05-08 10:58:20
"14790",2017-05-08 12:15:27
"14792",2017-05-08 15:00:29
"14796",2017-05-09 09:10:45
"14798",2017-05-09 11:20:58
"14799",2017-05-09 11:50:25
"14802",2017-05-10 03:33:45
"14805",2017-05-10 11:07:23
"14833",2017-05-12 15:40:23
"14837",2017-05-15 10:28:27
"14848",2017-05-17 12:25:26
"14849",2017-05-17 13:45:24
"14865",2017-05-22 11:00:21
"14877",2017-05-23 15:28:17
"14883",2017-05-25 07:25:21
"14891",2017-05-29 11:27:24
"14894",2017-05-30 14:15:20
"14895",2017-05-31 08:45:21
"14910",2017-06-01 15:49:17
"14911",2017-06-01 15:59:32
"14912",2017-06-02 07:25:07
"14922",2017-06-06 07:36:20
"14926",2017-06-06 14:10:07
"14930",2017-06-07 11:14:37
"14932",2017-06-07 14:30:06
"14947",2017-06-12 15:30:07
"14955",2017-06-15 01:43:51
"14973",2017-06-19 11:55:06
"14981",2017-06-20 21:45:21
"14993",2017-06-26 13:40:22
"15003",2017-06-28 11:00:30
"15006",2017-06-28 20:45:09
"15009",2017-06-29 09:40:23
"15010",2017-06-29 15:30:22
"15011",2017-06-30 09:29:07
"15016",2017-07-01 18:10:57
"15025",2017-07-03 22:46:31
"15030",2017-07-05 17:35:30
"15031",2017-07-06 08:03:56
"15036",2017-07-06 15:45:24
"15046",2017-07-11 13:23:19
"15058",2017-07-13 10:24:17
"15070",2017-07-15 10:19:39
"15071",2017-07-16 15:10:26
"15090",2017-07-18 17:36:36
"15105",2017-07-20 14:45:08
"15106",2017-07-20 14:45:14
"15109",2017-07-20 15:40:11
"15110",2017-07-20 16:00:10
"15111",2017-07-20 16:10:10
"15112",2017-07-21 04:58:58
"15113",2017-07-21 10:00:06
"15117",2017-07-22 23:17:25
"15119",2017-07-23 08:25:41
"15120",2017-07-24 09:05:06
"15121",2017-07-24 09:35:08
"15124",2017-07-24 10:00:09
"15128",2017-07-24 11:00:06
"15129",2017-07-24 11:00:10
"15131",2017-07-24 11:10:12
"15134",2017-07-24 12:15:12
"15135",2017-07-24 14:25:08
"15136",2017-07-24 15:20:13
"15137",2017-07-24 15:25:10
"15138",2017-07-24 15:30:20
"15140",2017-07-25 07:46:20
"15148",2017-07-25 10:20:07
"15149",2017-07-25 10:25:06
"15150",2017-07-25 11:00:07
"15151",2017-07-25 11:15:06
"15152",2017-07-25 11:20:07
"15153",2017-07-25 11:30:06
"15154",2017-07-25 12:10:06
"15155",2017-07-25 13:10:17
"15167",2017-07-27 08:45:07
"15174",2017-07-30 23:03:22
"15175",2017-07-30 23:03:23
"15180",2017-07-31 13:40:07
"15181",2017-07-31 13:45:08
"15182",2017-07-31 13:45:12
"15206",2017-08-02 12:34:18
"15221",2017-08-04 06:27:47
"15230",2017-08-04 08:56:40
"15234",2017-08-04 15:25:06
"15235",2017-08-04 15:50:06
"15237",2017-08-06 15:30:05
"15238",2017-08-07 10:40:07
"15250",2017-08-08 11:10:09
"15252",2017-08-08 11:57:40
"15256",2017-08-09 04:27:48
"15257",2017-08-09 04:27:49
"15283",2017-08-11 12:18:56
"15294",2017-08-15 11:35:06
"15296",2017-08-15 14:45:06
"15298",2017-08-15 15:05:06
"15339",2017-08-25 10:48:48
"15345",2017-08-28 11:05:52
"15346",2017-08-28 11:13:01
"15362",2017-08-31 11:55:19
"15390",2017-09-07 11:40:40
"15406",2017-09-12 10:45:28
"15419",2017-09-18 08:57:16
"15429",2017-09-20 15:10:43
"15435",2017-09-22 12:55:20
"15440",2017-09-24 15:40:25
"15447",2017-09-27 10:18:50
"15456",2017-09-28 18:55:21
"15471",2017-09-29 18:25:27
"15478",2017-10-02 11:30:24
"15479",2017-10-02 12:45:25
"15487",2017-10-03 11:15:21
"15489",2017-10-03 19:35:21
"15490",2017-10-04 09:05:20
"15491",2017-10-04 10:07:18
"15506",2017-10-09 10:35:41
"15537",2017-10-13 01:40:49
"15540",2017-10-13 10:13:52
"15552",2017-10-17 14:30:06
"15553",2017-10-18 09:17:39
"15556",2017-10-18 13:45:27
"15560",2017-10-19 08:22:36
"15580",2017-10-23 13:38:14
"15601",2017-10-27 08:28:41
"15613",2017-10-30 16:55:20
"15617",2017-10-31 13:40:39
"15626",2017-11-01 10:34:06
"15638",2017-11-02 11:40:21
"15663",2017-11-07 10:45:21
"15664",2017-11-07 13:00:19
"15666",2017-11-07 14:45:58
"15679",2017-11-09 08:34:26
"15683",2017-11-10 11:50:08
"15685",2017-11-10 15:00:07
"15692",2017-11-13 13:42:19
"15704",2017-11-14 16:50:08
"15714",2017-11-17 07:06:12
"15717",2017-11-17 13:20:08
"15719",2017-11-17 16:00:07
"15720",2017-11-19 14:40:10
"15721",2017-11-19 18:00:08
"15723",2017-11-20 06:46:25
"15724",2017-11-20 09:14:26
"15730",2017-11-21 15:33:41
"15734",2017-11-23 01:35:07
"15735",2017-11-23 09:27:57
"15737",2017-11-26 12:05:09
"15748",2017-11-28 07:50:08
"15755",2017-11-28 16:45:08
"15758",2017-11-28 22:32:09
"15800",2017-12-01 11:11:19
"15821",2017-12-07 14:51:05
"15831",2017-12-11 19:00:37
"15834",2017-12-12 10:42:39
"15839",2017-12-12 14:55:32
"15863",2017-12-20 11:57:59
"15864",2017-12-20 16:20:07
"15869",2017-12-21 13:20:06
"15870",2017-12-22 07:40:08
"15871",2017-12-22 08:20:09
"15881",2018-01-01 15:35:07
"15894",2018-01-04 10:33:26
"15903",2018-01-05 10:20:09
"15913",2018-01-08 13:09:38
"15946",2018-01-14 10:45:14
"15955",2018-01-16 18:05:21
"15956",2018-01-16 22:50:11
"15958",2018-01-17 01:54:05
"15967",2018-01-18 08:45:13
"16008",2018-01-19 14:35:09
"16043",2018-01-25 07:27:29
"16081",2018-01-30 08:40:36
"16087",2018-01-30 12:00:13
"16088",2018-01-30 12:50:12
"16089",2018-01-30 12:57:16
"16093",2018-01-31 12:28:04
"16119",2018-02-05 14:05:09
"16127",2018-02-06 11:50:09
"16134",2018-02-08 11:55:09
"16144",2018-02-11 03:46:05
"16145",2018-02-12 08:39:05
"16156",2018-02-13 11:40:11
"16168",2018-02-16 10:10:07
"16172",2018-02-16 15:00:09
"16176",2018-02-20 11:15:09
"16181",2018-02-20 14:45:09
"16189",2018-02-22 08:43:41
"16197",2018-02-26 03:05:09
"16208",2018-02-27 12:34:32
"16242",2018-03-08 06:25:08
"16249",2018-03-08 16:20:08
"16250",2018-03-09 11:36:56
"16262",2018-03-13 07:21:53
"16264",2018-03-13 10:50:08
"16267",2018-03-14 11:23:54
"16269",2018-03-15 11:05:09
"16276",2018-03-19 10:45:09
"16297",2018-03-22 15:39:21
"16300",2018-03-23 09:36:10
"16305",2018-03-23 13:37:17
"16310",2018-03-26 19:05:22
"16323",2018-04-02 11:36:14
"16327",2018-04-02 13:59:50
"16344",2018-04-04 08:50:07
"16350",2018-04-05 11:49:56
"16351",2018-04-05 12:00:13
"16359",2018-04-08 10:00:44
"16367",2018-04-10 05:41:02
"16370",2018-04-10 09:48:14
"16376",2018-04-10 19:00:06
"16384",2018-04-13 07:19:27
"16397",2018-04-17 09:20:06
"16405",2018-04-17 18:00:07
"16407",2018-04-18 10:15:25
"16411",2018-04-18 15:07:06
"16424",2018-04-23 13:20:07
"16430",2018-04-25 13:56:12
"16435",2018-04-29 16:55:07
"16441",2018-05-02 09:45:06
"16557",2018-05-07 09:57:54
"16558",2018-05-07 10:49:14
"16564",2018-05-08 09:08:16
"16569",2018-05-09 09:36:06
"16574",2018-05-12 08:30:07
"16584",2018-05-16 09:45:06
"16591",2018-05-17 12:22:24
"16592",2018-05-17 12:50:06
"16593",2018-05-17 12:50:10
"16595",2018-05-18 08:39:20
"16601",2018-05-19 19:15:06
"16618",2018-05-29 10:21:54
"16626",2018-05-30 05:23:05
"16634",2018-05-31 07:51:43
"16637",2018-05-31 13:44:30
"16645",2018-06-01 12:40:07
"16647",2018-06-04 07:23:52
"16648",2018-06-04 08:15:08
"16654",2018-06-04 09:17:54
"16657",2018-06-04 12:37:20
"16665",2018-06-06 12:21:59
"16672",2018-06-08 11:55:09
"16681",2018-06-11 12:10:48
"16685",2018-06-12 15:41:40
"16753",2018-06-22 10:19:38
"16772",2018-06-25 11:30:24
"16775",2018-06-25 15:41:06
"16779",2018-06-27 09:42:16
"16780",2018-06-27 10:00:50
"16781",2018-06-28 09:12:35
"16786",2018-07-02 08:23:33
"16801",2018-07-07 17:48:39
"16825",2018-07-12 15:41:17
"16827",2018-07-13 10:39:38
"16853",2018-07-18 10:09:24
"16869",2018-07-20 15:02:44
"16871",2018-07-20 15:57:50
"16872",2018-07-20 15:58:16
"16873",2018-07-20 15:58:41
"16874",2018-07-20 15:59:06
"16875",2018-07-20 15:59:31
"16876",2018-07-20 15:59:55
"16877",2018-07-20 16:00:06
"16878",2018-07-20 16:02:44
"16879",2018-07-20 16:03:09
"16880",2018-07-20 16:03:33
"16881",2018-07-20 16:03:57
"16882",2018-07-20 16:04:22
"16883",2018-07-20 16:04:46
"16884",2018-07-20 16:04:57
"16894",2018-07-23 16:10:11
"16895",2018-07-24 07:21:59
"16903",2018-07-25 11:14:55
"16909",2018-07-25 15:01:06
"16911",2018-07-26 13:43:29
"16926",2018-07-30 09:03:04
"16945",2018-07-31 08:58:33
"16950",2018-07-31 12:08:36
"16980",2018-08-13 10:37:36
"16983",2018-08-15 08:05:17
"16984",2018-08-15 10:42:55
"16985",2018-08-15 11:11:09
"16988",2018-08-17 10:45:37
"16989",2018-08-17 12:44:02
"16990",2018-08-19 12:05:13
"17004",2018-08-22 10:45:14
"17006",2018-08-22 12:45:28
"17007",2018-08-23 09:05:37
"17013",2018-08-23 13:59:15
"17021",2018-08-27 13:40:13
"17038",2018-08-30 14:10:13
"17046",2018-08-31 11:12:54
"17047",2018-08-31 14:41:57
"17068",2018-09-05 09:24:31
"17070",2018-09-05 14:53:58
"17074",2018-09-06 07:43:24
"17078",2018-09-06 17:30:15
"17079",2018-09-07 10:00:14
"17082",2018-09-07 16:50:19
"17086",2018-09-10 01:56:46
"17097",2018-09-13 06:05:15
"17101",2018-09-14 03:10:16
"17113",2018-09-18 15:08:06
"17117",2018-09-19 10:25:11
"17132",2018-09-21 11:15:17
"17143",2018-09-23 19:15:18
"17160",2018-09-27 08:30:14
"17166",2018-09-27 14:20:15
"17173",2018-09-28 12:19:02
"17185",2018-10-01 06:17:37
"17243",2018-10-04 15:05:21
"17250",2018-10-07 11:20:18
"17257",2018-10-08 12:00:01
"17266",2018-10-10 09:09:44
"17293",2018-10-15 09:00:18
"17294",2018-10-15 13:38:21
"17300",2018-10-16 08:05:15
"17301",2018-10-17 10:17:40
"17306",2018-10-17 14:57:08
"17315",2018-10-22 07:42:06
"17316",2018-10-22 11:05:15
"17317",2018-10-22 12:30:15
"17329",2018-10-24 14:25:16
"17341",2018-10-25 13:22:09
"17344",2018-10-26 13:10:16
"17350",2018-10-29 13:21:21
"17351",2018-10-29 15:17:26
"17362",2018-10-31 13:39:41
"17363",2018-10-31 13:44:56
"17369",2018-11-01 13:14:37
"17382",2018-11-05 14:40:26
"17390",2018-11-06 11:20:17
"17402",2018-11-07 16:43:57
"17403",2018-11-07 16:49:12
"17422",2018-11-11 15:15:18
"17425",2018-11-12 12:50:24
"17931",2018-11-16 10:32:38
"17941",2018-11-20 06:29:15
"17951",2018-11-21 09:25:17
"17955",2018-11-22 08:31:05
"17968",2018-11-25 15:05:17
"17991",2018-11-28 14:50:15
"18000",2018-11-30 13:45:25
"18007",2018-12-02 17:33:45
"18012",2018-12-03 19:00:15
"18016",2018-12-04 15:15:24
"18020",2018-12-05 09:48:07
"18025",2018-12-05 13:50:12
"18054",2018-12-14 09:53:35
"18063",2018-12-14 16:47:57
"18071",2018-12-18 12:01:38
"18078",2018-12-19 11:35:15
"18081",2018-12-19 11:50:17
"18082",2018-12-19 13:35:16
"18084",2018-12-20 05:46:00
"18095",2018-12-21 08:00:15
"18103",2018-12-28 14:15:15
"18112",2019-01-03 08:05:16
"18127",2019-01-11 13:20:17
"18134",2019-01-14 15:00:30
"18146",2019-01-17 17:21:23
"18155",2019-01-20 14:08:18
"18159",2019-01-22 10:45:15
"18169",2019-01-25 07:03:20
"18188",2019-01-28 13:20:15
"18193",2019-01-28 18:20:15
"18195",2019-01-28 18:59:11
"18212",2019-01-31 10:51:13
"18214",2019-01-31 13:37:13
"18219",2019-02-01 17:20:15
"18231",2019-02-04 14:20:55
"18243",2019-02-06 19:15:16
"18246",2019-02-08 00:00:21
"18247",2019-02-08 09:30:15
"18249",2019-02-09 05:29:04
"18250",2019-02-09 18:30:16
"18256",2019-02-11 14:50:22
"18257",2019-02-11 14:50:32
"18258",2019-02-11 14:50:43
"18262",2019-02-12 19:50:17
"18269",2019-02-14 23:25:18
"18278",2019-02-18 11:35:16
"18279",2019-02-18 14:35:19
"18280",2019-02-18 14:51:14
"18281",2019-02-18 22:35:16
"18284",2019-02-19 08:41:39
"18286",2019-02-19 10:58:04
"18289",2019-02-20 19:53:34
"18291",2019-02-21 15:34:30
"18295",2019-02-21 17:25:17
"18297",2019-02-22 05:20:16
"18309",2019-02-27 09:48:48
"18310",2019-02-27 13:31:17
"18315",2019-02-28 11:00:24
"18317",2019-02-28 14:30:21
"18325",2019-02-28 20:15:16
"18335",2019-03-04 11:49:21
"18337",2019-03-04 18:10:16
"18341",2019-03-05 13:29:10
"18349",2019-03-06 18:15:15
"18358",2019-03-08 00:10:16
"18370",2019-03-13 11:21:19
"18371",2019-03-13 11:55:21
"18372",2019-03-13 12:14:16
"18409",2019-03-20 17:24:53
"18419",2019-03-21 12:30:16
"18420",2019-03-21 13:34:24
"18430",2019-03-22 13:22:37
"18431",2019-03-25 07:15:22
"18433",2019-03-25 09:20:19
"18456",2019-03-30 06:35:18
"18471",2019-04-02 10:54:26
"18474",2019-04-03 03:50:34
"18479",2019-04-04 11:00:16
"18480",2019-04-05 12:25:51
"18501",2019-04-10 10:40:22
"18523",2019-04-21 18:14:22
"18524",2019-04-22 07:08:23
"18526",2019-04-23 07:46:33
"18547",2019-04-29 13:00:04
"18553",2019-05-01 14:11:10
"18566",2019-05-07 15:25:06
"18570",2019-05-08 13:23:04
"18589",2019-05-14 10:50:35
"18591",2019-05-14 12:08:28
"18595",2019-05-14 16:28:08
"18599",2019-05-15 12:00:04
"18604",2019-05-16 15:11:12
"18610",2019-05-20 18:50:03
"18614",2019-05-21 12:19:13
"18621",2019-05-22 14:55:04
"18626",2019-05-23 08:52:51
"18636",2019-05-25 22:50:03
"18677",2019-06-04 13:07:04
"18682",2019-06-05 11:25:04
"18697",2019-06-12 08:35:04
"18709",2019-06-14 12:15:03
"18711",2019-06-14 13:56:54
"18712",2019-06-15 10:55:04
"18713",2019-06-15 20:05:03
"18718",2019-06-18 12:15:04
"18730",2019-06-25 12:35:31
"18733",2019-06-26 17:00:03
"18746",2019-07-02 10:49:21
"18764",2019-07-08 11:21:10
"18774",2019-07-10 07:58:50
"18777",2019-07-10 11:35:04
"18791",2019-07-15 16:44:11
"18796",2019-07-16 22:20:03
"18798",2019-07-17 11:05:03
"18803",2019-07-18 13:10:04
"18811",2019-07-20 14:05:03
"18812",2019-07-20 19:20:03
"18814",2019-07-22 01:25:04
"18828",2019-07-25 12:05:03
"18830",2019-07-25 13:25:03
"18836",2019-07-26 15:15:00
"18838",2019-07-28 10:55:03
"18848",2019-08-01 13:19:27
"18865",2019-08-06 04:25:03
"18871",2019-08-07 06:10:05
"18876",2019-08-08 01:50:04
"18885",2019-08-08 10:05:21
"18889",2019-08-08 12:05:09
"18894",2019-08-09 01:55:04
"18895",2019-08-09 10:57:21
"18898",2019-08-12 08:06:26
"18906",2019-08-13 08:16:32
"18916",2019-08-13 17:10:03
"18917",2019-08-13 17:41:48
"18931",2019-08-17 14:40:03
"18932",2019-08-18 16:45:03
"18936",2019-08-19 15:05:52
"18939",2019-08-20 06:50:04
"18946",2019-08-20 15:50:04
"18950",2019-08-22 10:55:09
"18953",2019-08-22 13:05:07
"18976",2019-08-28 09:03:59
"18982",2019-08-29 06:15:04
"18999",2019-08-30 18:35:04
"19006",2019-09-03 15:45:03
"19012",2019-09-04 07:28:52
"19014",2019-09-04 12:35:05
"19016",2019-09-04 14:23:50
"19017",2019-09-05 08:36:56
"19033",2019-09-11 09:20:03
"19040",2019-09-13 07:45:03
"19046",2019-09-16 05:28:14
"19049",2019-09-16 09:15:03
"19053",2019-09-16 19:35:03
"19062",2019-09-19 02:37:31
"19075",2019-09-23 16:45:07
"19079",2019-09-24 21:25:03
"19082",2019-09-25 10:04:37
"19104",2019-10-01 12:25:03
"19112",2019-10-03 09:14:51
"19124",2019-10-06 17:25:03
"19128",2019-10-07 12:46:53
"19129",2019-10-07 13:28:37
"19131",2019-10-07 14:55:02
"19145",2019-10-10 13:46:04
"19147",2019-10-10 14:53:32
"19163",2019-10-15 07:00:05
"19173",2019-10-15 12:25:03
"19190",2019-10-18 11:12:11
"19192",2019-10-20 11:35:02
"19195",2019-10-21 07:20:05
"19196",2019-10-21 08:00:04
"19197",2019-10-21 08:10:03
"19204",2019-10-22 07:40:02
"19207",2019-10-22 16:05:06
"19214",2019-10-24 10:00:07
"19228",2019-10-28 08:30:03
"19247",2019-10-28 12:25:05
"19254",2019-10-29 12:08:49
"19273",2019-11-03 13:45:02
"19282",2019-11-04 12:05:04
"19286",2019-11-04 16:43:11
"19291",2019-11-05 09:40:06
"19308",2019-11-06 16:50:03
"19329",2019-11-10 14:55:03
"19331",2019-11-11 08:01:02
"19334",2019-11-12 06:25:35
"19338",2019-11-12 10:12:12
"19339",2019-11-12 10:53:25
"19342",2019-11-12 13:05:03
"19363",2019-11-18 11:05:04
"19383",2019-11-22 07:16:09
"19386",2019-11-24 03:03:38
"19397",2019-11-27 07:25:03
"19398",2019-11-27 09:05:02
"19402",2019-12-02 11:52:47
"19417",2019-12-03 16:22:10
"19421",2019-12-04 09:51:50
"19438",2019-12-06 08:42:17
"19439",2019-12-06 09:05:03
"19446",2019-12-07 09:35:08
"19447",2019-12-08 11:40:02
"19453",2019-12-09 12:25:03
"19455",2019-12-10 01:15:02
"19458",2019-12-10 22:14:15
"19464",2019-12-13 13:55:15
"19468",2019-12-16 08:30:02
"19474",2019-12-17 08:30:03
"19484",2019-12-20 09:25:02
"19488",2019-12-20 12:35:03
"19498",2019-12-24 14:15:04
"19536",2020-01-02 13:57:17
"19545",2020-01-06 14:55:03
"19548",2020-01-06 16:51:40
"19560",2020-01-10 07:41:38
"19570",2020-01-14 16:05:03
"19573",2020-01-15 14:05:03
"19576",2020-01-16 11:30:02
"19595",2020-01-20 12:40:03
"19604",2020-01-22 10:15:03
"19614",2020-01-24 09:40:03
"19617",2020-01-24 17:08:40
"19625",2020-01-28 12:00:02
"19626",2020-01-28 13:01:59
"19627",2020-01-28 16:18:56
"19632",2020-01-28 17:05:04
"19641",2020-01-30 10:24:11
"19645",2020-01-30 11:50:42
"19646",2020-01-30 12:30:03
"19667",2020-02-01 14:00:08
"19670",2020-02-03 14:09:34
"19674",2020-02-04 03:06:30
"19691",2020-02-04 15:06:41
"19709",2020-02-05 17:40:06
"19717",2020-02-09 17:34:05
"19725",2020-02-12 11:20:03
"19728",2020-02-13 07:50:03
"19729",2020-02-13 09:27:58
"19730",2020-02-14 08:35:03
"19732",2020-02-15 16:50:02
"19733",2020-02-17 08:23:16
"19751",2020-02-20 12:29:47
"19755",2020-02-20 15:10:05
"19768",2020-02-25 10:56:41
"19782",2020-02-27 09:26:34
"19795",2020-03-02 11:00:47
"19801",2020-03-02 18:25:02
"19805",2020-03-03 12:34:13
"19807",2020-03-03 16:37:28
"19809",2020-03-03 17:08:04
"19814",2020-03-04 16:43:23
"19817",2020-03-05 12:41:27
"19820",2020-03-05 18:22:13
"19830",2020-03-07 17:01:27
"19836",2020-03-09 12:12:43
"19843",2020-03-11 15:36:35
"19844",2020-03-11 17:22:54
"19849",2020-03-12 16:51:23
"19858",2020-03-18 11:51:23
"19877",2020-03-20 16:40:16
"19878",2020-03-20 18:45:03
"19912",2020-03-24 22:20:02
"19913",2020-03-25 06:30:03
"19918",2020-03-25 12:36:35
"19919",2020-03-25 15:43:17
"19922",2020-03-26 11:25:05
"19924",2020-03-26 14:10:05
"19926",2020-03-26 15:10:03
"19952",2020-04-06 10:25:03
"19955",2020-04-06 21:00:02
"19964",2020-04-08 11:56:51
"19974",2020-04-10 14:15:03
"19977",2020-04-13 15:29:30
"19979",2020-04-14 10:15:04
"19981",2020-04-14 11:35:02
"19984",2020-04-15 09:44:35
"19985",2020-04-15 14:04:18
"19986",2020-04-15 15:37:54
"19988",2020-04-16 09:50:04
"19994",2020-04-17 13:47:27
"19997",2020-04-18 11:45:04
"20003",2020-04-20 07:50:03
"20018",2020-04-22 12:45:03
"20019",2020-04-22 17:29:06
"20022",2020-04-23 11:20:03
"20026",2020-04-23 15:20:04
"20027",2020-04-23 15:33:32
"20033",2020-04-24 17:25:10
"20036",2020-04-27 09:29:36
"20038",2020-04-28 10:05:03
"20039",2020-04-28 10:46:21
"20040",2020-04-28 13:58:50
"20043",2020-04-29 06:31:06
"20045",2020-04-29 16:45:04
"20060",2020-05-01 10:25:01
"20087",2020-05-04 17:15:04
"20092",2020-05-05 18:30:02
"20094",2020-05-06 08:21:22
"20095",2020-05-06 09:03:04
"20104",2020-05-07 13:26:48
"20115",2020-05-08 15:56:52
"20117",2020-05-10 18:22:31
"20123",2020-05-11 14:20:03
"20124",2020-05-11 15:23:04
"20125",2020-05-11 16:46:52
"20127",2020-05-12 11:42:18
"20128",2020-05-13 12:10:03
"20133",2020-05-14 19:15:03
"20139",2020-05-16 18:35:15
"20147",2020-05-18 11:32:25
"20152",2020-05-18 14:14:44
"20153",2020-05-18 14:20:04
"20154",2020-05-18 14:25:32
"20158",2020-05-19 11:54:46
"20159",2020-05-19 18:37:27
"20166",2020-05-20 11:35:03
"20178",2020-05-21 13:23:55
"20183",2020-05-22 14:50:46
"20184",2020-05-22 18:46:03
"20189",2020-05-26 19:02:23
"20192",2020-05-27 15:41:16
"20205",2020-05-31 03:27:54
"20207",2020-06-01 11:51:27
"20214",2020-06-02 08:10:03
"20215",2020-06-02 08:11:40
"20225",2020-06-02 11:50:04
"20229",2020-06-02 18:55:07
"20231",2020-06-03 04:07:52
"20232",2020-06-03 06:28:51
"20233",2020-06-03 07:47:20
"20237",2020-06-03 11:50:03
"20239",2020-06-04 13:18:25
"20241",2020-06-05 09:45:05
"20246",2020-06-07 08:31:36
"20249",2020-06-08 17:25:03
"20254",2020-06-09 14:35:21
"20262",2020-06-10 16:25:25
"20263",2020-06-11 02:07:28
"20265",2020-06-11 12:41:48
"20271",2020-06-12 21:32:45
"20272",2020-06-15 05:04:06
"20273",2020-06-15 05:04:07
"20274",2020-06-15 05:04:09
"20275",2020-06-15 05:04:10
"20276",2020-06-15 05:04:11
"20277",2020-06-15 05:04:12
"20278",2020-06-15 05:04:14
"20293",2020-06-16 11:40:28
"20294",2020-06-16 12:25:04
"20295",2020-06-16 12:40:03
"20296",2020-06-16 14:42:25
"20298",2020-06-16 16:05:36
"20303",2020-06-16 23:05:02
"20306",2020-06-18 05:50:04
"20313",2020-06-20 07:05:04
"20314",2020-06-20 07:40:04
"20315",2020-06-20 09:05:06
"20318",2020-06-22 05:45:05
"20319",2020-06-22 08:30:06
"20320",2020-06-22 08:30:07
"20322",2020-06-22 10:25:04
"20323",2020-06-22 10:35:03
"20324",2020-06-22 12:20:04
"20325",2020-06-22 14:15:04
"20328",2020-06-22 16:55:04
"20330",2020-06-23 07:25:04
"20336",2020-06-23 10:20:04
"20338",2020-06-23 11:10:03
"20339",2020-06-23 11:25:03
"20341",2020-06-23 14:55:08
"20343",2020-06-24 10:50:04
"20344",2020-06-24 11:00:02
"20346",2020-06-25 16:30:03
"20347",2020-06-25 17:30:03
"20348",2020-06-26 00:25:03
"20349",2020-06-26 08:40:03
"20357",2020-06-26 13:10:03
"20366",2020-06-29 10:43:30
"20367",2020-06-29 11:40:04
"20368",2020-06-29 15:23:24
"20369",2020-06-29 22:25:09
"20377",2020-06-30 11:20:05
"20383",2020-07-01 12:05:03
"20387",2020-07-01 14:35:03
"20390",2020-07-01 16:40:05
"20393",2020-07-02 07:20:04
"20399",2020-07-02 11:35:03
"20404",2020-07-06 09:45:08
"20406",2020-07-06 14:35:04
"20421",2020-07-07 16:53:54
"20422",2020-07-08 09:15:05
"20459",2020-07-09 16:15:05
"20467",2020-07-10 13:10:04
"20468",2020-07-10 14:10:03
"20477",2020-07-13 20:50:03
"20478",2020-07-14 00:10:03
"20483",2020-07-14 19:10:05
"20491",2020-07-15 09:53:41
"20492",2020-07-15 14:40:04
"20495",2020-07-16 05:50:04
"20498",2020-07-17 00:20:03
"20499",2020-07-17 13:25:06
"20500",2020-07-17 13:35:04
"20503",2020-07-20 10:20:04
"20508",2020-07-20 15:07:37
"20521",2020-07-20 19:20:09
"20525",2020-07-22 04:25:03
"20526",2020-07-22 07:40:03
"20530",2020-07-22 09:50:03
"20532",2020-07-23 00:30:05
"20556",2020-07-24 13:10:05
"20557",2020-07-24 14:25:06
"20558",2020-07-26 18:35:03
"20567",2020-07-28 20:10:04
"20575",2020-07-29 12:05:05
"20576",2020-07-30 07:50:04
"20581",2020-07-31 09:40:18
"20624",2020-08-03 06:55:04
"20625",2020-08-03 08:35:05
"20631",2020-08-03 14:30:04
"20632",2020-08-03 16:00:13
"20636",2020-08-04 09:30:03
"20661",2020-08-06 10:05:25
"20675",2020-08-10 12:55:04
"20678",2020-08-10 21:05:05
"20679",2020-08-11 06:20:03
"20681",2020-08-11 07:20:04
"20683",2020-08-11 13:40:04
"20690",2020-08-12 17:00:04
"20691",2020-08-12 18:15:04
"20696",2020-08-14 10:35:27
"20716",2020-08-17 14:20:03
"20719",2020-08-18 23:05:04
"20748",2020-08-20 14:10:04
"20751",2020-08-21 13:45:04
"20754",2020-08-23 07:15:03
"20756",2020-08-24 10:05:04
"20762",2020-08-26 12:40:03
"20763",2020-08-27 07:20:03
"20765",2020-08-28 07:45:04
"20768",2020-08-30 09:50:07
"20771",2020-08-31 11:00:15
"20772",2020-08-31 11:05:04
"20784",2020-08-31 21:25:03
"20785",2020-09-01 03:00:04
"20803",2020-09-01 10:10:03
"20806",2020-09-01 14:20:04
"20809",2020-09-02 05:30:03
"20817",2020-09-03 16:10:04
"20836",2020-09-10 04:15:04
"20837",2020-09-10 04:55:04
"20845",2020-09-11 05:30:03
"20852",2020-09-12 08:20:05
"20860",2020-09-15 10:45:04
"20862",2020-09-15 11:20:10
"20865",2020-09-15 16:35:03
"20868",2020-09-16 03:00:04
"20870",2020-09-16 13:55:04
"20875",2020-09-17 17:35:05
"20877",2020-09-18 08:25:03
"20888",2020-09-22 05:25:04
"20919",2020-09-28 13:04:56
"20920",2020-09-28 13:25:05
"20923",2020-09-29 15:35:04
"20924",2020-09-30 06:40:07
"20926",2020-09-30 10:00:15
"20933",2020-10-01 18:10:03
"20943",2020-10-05 13:00:03
"20947",2020-10-06 01:30:04
"20951",2020-10-07 00:45:03
"20959",2020-10-07 14:25:08
"20966",2020-10-09 05:25:04
"20977",2020-10-12 11:10:03
"20985",2020-10-12 16:17:51
"20987",2020-10-12 20:40:03
"20995",2020-10-13 14:15:04
"20997",2020-10-14 07:25:07
"20998",2020-10-14 08:40:04
"20999",2020-10-14 14:13:54
"21000",2020-10-14 14:29:40
"21001",2020-10-14 14:32:53
"21003",2020-10-14 16:10:05
"21010",2020-10-15 09:00:05
"21014",2020-10-15 11:13:58
"21015",2020-10-15 11:23:24
"21018",2020-10-15 12:14:54
"21030",2020-10-16 09:43:27
"21031",2020-10-16 10:03:24
"21032",2020-10-16 10:10:04
"21033",2020-10-16 10:53:42
"21034",2020-10-16 10:55:37
"21045",2020-10-19 05:55:03
"21052",2020-10-19 09:52:49
"21055",2020-10-19 13:35:02
"21056",2020-10-19 14:35:03
"21058",2020-10-20 08:50:03
"21061",2020-10-20 13:15:04
"21063",2020-10-20 17:08:15
"21064",2020-10-21 09:46:33
"21065",2020-10-21 10:34:25
"21068",2020-10-22 12:10:03
"21069",2020-10-22 12:40:04
"21070",2020-10-22 12:45:05
"21072",2020-10-22 12:58:37
"21073",2020-10-22 13:05:04
"21074",2020-10-22 13:15:04
"21075",2020-10-22 13:20:27
"21083",2020-10-26 10:40:08
"21088",2020-10-26 18:35:03
"21089",2020-10-27 11:10:04
"21091",2020-10-27 13:05:05
"21093",2020-10-28 05:30:04
"21094",2020-10-28 09:20:08
"21095",2020-10-28 10:50:03
"21098",2020-10-28 14:35:04
"21102",2020-10-29 09:15:05
"21104",2020-10-29 12:34:34
"21108",2020-11-02 01:45:03
"21114",2020-11-03 15:55:04
"21127",2020-11-06 13:20:05
"21129",2020-11-08 00:35:03
"21131",2020-11-09 06:40:03
"21137",2020-11-10 12:00:04
"21139",2020-11-10 17:35:08
"21140",2020-11-10 17:50:05
"21143",2020-11-11 17:00:04
"21144",2020-11-11 17:25:05
"21146",2020-11-12 07:25:03
"21149",2020-11-12 18:30:03
"21150",2020-11-12 21:30:05
"21154",2020-11-13 12:45:04
"21155",2020-11-14 00:10:03
"21157",2020-11-14 19:25:03
"21159",2020-11-16 05:45:03
"21164",2020-11-16 10:05:03
"21177",2020-11-17 09:40:04
"21185",2020-11-19 20:30:04
"21186",2020-11-19 20:35:04
"21187",2020-11-19 20:35:05
"21193",2020-11-20 18:20:04
"21200",2020-11-24 06:45:03
"21203",2020-11-25 01:30:04
"21209",2020-11-28 15:45:04
"21213",2020-11-29 23:50:05
"21221",2020-12-02 06:50:03
"21223",2020-12-02 17:20:40
"21227",2020-12-03 10:05:04
"21232",2020-12-03 17:50:02
"21240",2020-12-04 10:30:03
"21241",2020-12-04 14:10:04
"21246",2020-12-07 13:30:03
"21247",2020-12-07 18:05:03
"21254",2020-12-08 19:20:04
"21262",2020-12-10 10:40:04
"21264",2020-12-10 19:30:04
"21273",2020-12-11 13:30:03
"21293",2020-12-15 05:30:04
"21299",2020-12-16 12:30:03
"21301",2020-12-17 10:00:05
"21323",2020-12-18 15:45:04
"21324",2020-12-19 01:40:04
"21328",2020-12-21 20:45:04
"21330",2020-12-22 08:00:05
"21331",2020-12-22 08:30:02
"21338",2020-12-24 08:15:04
"21339",2020-12-24 14:20:04
"21343",2020-12-26 08:30:04
"21345",2020-12-28 08:30:04
"21346",2020-12-28 09:10:04
"21353",2020-12-28 22:05:03
"21356",2020-12-30 12:15:03
"21357",2020-12-30 13:25:03
"21358",2020-12-30 18:10:04
"21359",2020-12-30 19:00:05
"21361",2020-12-31 00:45:03
"21363",2021-01-03 11:25:03
"21364",2021-01-04 12:00:03
"21368",2021-01-05 14:10:03
"21385",2021-01-08 14:25:03
"21386",2021-01-11 03:50:03
"21388",2021-01-11 07:10:03
"21389",2021-01-11 09:35:04
"21393",2021-01-12 11:05:03
"21396",2021-01-12 15:25:05
"21398",2021-01-12 16:10:03
"21399",2021-01-12 16:45:03
"21402",2021-01-13 12:00:03
"21403",2021-01-14 08:05:04
"21404",2021-01-14 11:55:04
"21405",2021-01-14 15:05:03
"21409",2021-01-16 09:15:03
"21423",2021-01-21 08:15:03
"21424",2021-01-21 18:05:03
"21427",2021-01-22 20:00:04
"21429",2021-01-25 15:00:04
"21430",2021-01-25 15:55:03
"21436",2021-01-26 10:30:06
"21442",2021-01-27 14:10:14
"21443",2021-01-28 00:55:04
"21446",2021-01-28 09:50:03
"21447",2021-01-28 19:05:03
"21452",2021-02-02 02:50:03
"21460",2021-02-03 12:10:05
"21464",2021-02-05 06:45:03
"21465",2021-02-05 06:50:04
"21466",2021-02-05 06:55:06
"21467",2021-02-05 07:33:30
"21468",2021-02-05 09:25:04
"21471",2021-02-08 03:55:06
"21473",2021-02-08 07:00:03
"21484",2021-02-09 03:55:03
"21507",2021-02-12 14:15:05
"21508",2021-02-12 14:35:05
"21515",2021-02-15 15:10:03
"21516",2021-02-15 17:45:03
"21517",2021-02-16 12:20:04
"21525",2021-02-17 12:30:10
"21561",2021-02-19 16:35:05
"21563",2021-02-20 23:00:03
"21564",2021-02-21 15:50:07
"21565",2021-02-21 16:10:11
"21566",2021-02-21 16:10:14
"21568",2021-02-22 11:10:16
"21569",2021-02-22 12:04:03
"21570",2021-02-22 12:04:08
"21571",2021-02-22 12:04:23
"21572",2021-02-22 12:04:27
"21573",2021-02-22 12:04:47
"21574",2021-02-22 12:42:46
"21575",2021-02-22 12:46:35
"21576",2021-02-22 13:25:29
"21578",2021-02-22 15:50:25
"21580",2021-02-23 06:25:05
"21582",2021-02-23 09:20:03
"21593",2021-02-24 05:30:03
"21599",2021-02-25 11:00:03
"21600",2021-02-25 13:54:38
"21606",2021-02-26 15:45:04
"21608",2021-02-27 20:05:03
"21611",2021-03-01 13:20:03
"21625",2021-03-05 07:05:03
"21634",2021-03-09 14:00:03
"21642",2021-03-10 16:55:03
"21645",2021-03-11 07:30:03
"21649",2021-03-11 17:40:07
"21650",2021-03-11 19:30:03
"21651",2021-03-11 22:00:03
"21652",2021-03-12 02:25:03
"21660",2021-03-16 02:35:04
"21667",2021-03-17 15:55:07
"21671",2021-03-18 21:05:24
"21674",2021-03-19 14:00:03
"21676",2021-03-22 13:10:03
"21677",2021-03-22 13:55:03
"21680",2021-03-23 05:30:03
"21681",2021-03-24 00:00:04
"21686",2021-03-25 11:50:05
"21687",2021-03-25 14:55:03
"21691",2021-03-25 16:40:04
"21696",2021-03-26 00:20:03
"21698",2021-03-26 08:35:04
"21699",2021-03-26 14:15:03
"21703",2021-03-27 13:55:03
"21713",2021-03-30 09:30:04
"21717",2021-03-30 10:25:04
"21721",2021-03-31 00:10:03
"21723",2021-03-31 10:15:07
"21726",2021-04-01 06:20:03
"21733",2021-04-02 11:10:03
"21747",2021-04-05 11:15:04
"21756",2021-04-08 06:30:10
"21761",2021-04-08 11:00:05
"21762",2021-04-08 12:55:03
"21763",2021-04-08 13:30:04
"21766",2021-04-09 11:05:12
"21767",2021-04-09 11:20:02
"21769",2021-04-11 11:40:03
"21771",2021-04-11 23:35:03
"21775",2021-04-13 00:15:04
"21776",2021-04-13 08:05:04
"21778",2021-04-14 10:30:03
"21783",2021-04-14 15:40:05
"21784",2021-04-14 18:25:10
"21786",2021-04-15 04:50:04
"21787",2021-04-15 13:05:03
"21791",2021-04-16 08:00:03
"21792",2021-04-16 08:25:03
"21821",2021-04-19 13:45:04
"21829",2021-04-20 09:05:03
"21831",2021-04-20 20:15:20
"21877",2021-04-22 20:45:19
"21890",2021-04-23 14:40:03
"21896",2021-04-25 05:55:14
"21905",2021-04-26 21:00:03
"21913",2021-04-28 08:50:23
"21915",2021-04-28 13:30:04
"21917",2021-04-28 14:25:20
"21918",2021-04-28 17:50:05
"21919",2021-04-29 11:00:03
"21920",2021-04-29 12:10:04
"21921",2021-04-29 13:45:03
"21923",2021-04-30 13:30:14
"21926",2021-05-03 03:55:17
"21934",2021-05-03 14:05:05
"21935",2021-05-03 14:55:13
"21940",2021-05-04 14:45:08
"21944",2021-05-06 11:50:14
"21948",2021-05-07 08:45:03
"21950",2021-05-07 11:05:16
"21977",2021-05-10 14:05:31
"21981",2021-05-11 07:15:15
"21982",2021-05-11 09:25:03
"22007",2021-05-12 16:30:03
"22013",2021-05-13 14:05:03
"22016",2021-05-14 11:45:04
"22017",2021-05-14 13:35:15
"22022",2021-05-15 03:25:16
"22028",2021-05-17 21:25:14
"22039",2021-05-18 07:35:22
"22041",2021-05-18 11:35:04
"22042",2021-05-18 16:20:14
"22043",2021-05-19 04:35:16
"22054",2021-05-20 11:00:16
"22055",2021-05-20 14:30:14
"22056",2021-05-21 05:05:14
"22065",2021-05-21 17:15:14
"22069",2021-05-25 00:10:15
"22081",2021-05-27 10:50:17
"22084",2021-05-27 12:15:05
"22089",2021-05-28 12:20:13
"22090",2021-05-29 02:45:15
"22091",2021-05-30 06:35:13
"22094",2021-05-31 10:30:07
"22096",2021-06-01 01:15:04
"22103",2021-06-01 05:35:23
"22104",2021-06-01 07:05:19
"22107",2021-06-01 12:10:19
"22108",2021-06-01 13:05:16
"22109",2021-06-02 04:05:04
"22110",2021-06-02 04:45:19
"22111",2021-06-02 06:45:13
"22112",2021-06-03 07:35:14
"22273",2021-06-04 15:55:03
"22274",2021-06-05 16:15:03
"22281",2021-06-07 09:00:16
"22284",2021-06-07 09:50:03
"22288",2021-06-07 15:20:03
"22291",2021-06-08 08:10:17
"22294",2021-06-09 10:45:14
"22300",2021-06-09 13:20:04
"22302",2021-06-09 18:50:04
"22306",2021-06-10 12:55:07
"22307",2021-06-10 12:55:14
"22308",2021-06-10 14:55:15
"22310",2021-06-10 16:45:04
"22311",2021-06-11 04:05:14
"22312",2021-06-11 12:00:04
"22324",2021-06-16 10:35:24
"22332",2021-06-17 10:45:13
"22339",2021-06-18 11:25:04
"22342",2021-06-19 23:40:19
"22344",2021-06-21 10:10:14
"22355",2021-06-22 00:10:15
"22356",2021-06-22 01:45:31
"22366",2021-06-22 14:00:15
"22367",2021-06-22 14:15:15
"22369",2021-06-22 16:35:19
"22371",2021-06-23 05:30:16
"22372",2021-06-23 06:31:37
"22376",2021-06-23 14:00:11
"22396",2021-06-28 11:40:09
"22402",2021-06-28 15:55:03
"22404",2021-06-29 08:20:15
"22411",2021-06-30 12:55:04
"22415",2021-07-01 11:25:04
"22416",2021-07-02 05:40:14
"22417",2021-07-02 22:15:15
"22424",2021-07-07 13:20:03
"22425",2021-07-07 13:30:15
"22427",2021-07-08 03:00:15
"22429",2021-07-08 13:50:19
"22446",2021-07-09 17:05:03
"22452",2021-07-12 05:05:14
"22457",2021-07-13 03:30:14
"22460",2021-07-14 14:20:19
"22461",2021-07-14 16:40:08
"22485",2021-07-15 12:15:05
"22491",2021-07-18 09:05:10
"22498",2021-07-19 10:40:04
"22501",2021-07-19 11:20:15
"22516",2021-07-20 06:55:36
"22518",2021-07-20 10:05:03
"22520",2021-07-20 11:25:03
"22542",2021-07-21 00:40:17
"22552",2021-07-21 22:15:15
"22568",2021-07-22 17:15:52
"22569",2021-07-22 17:20:57
"22570",2021-07-22 17:21:06
"22571",2021-07-22 17:26:27
"22572",2021-07-22 17:26:34
"22577",2021-07-26 03:00:33
"22587",2021-07-27 13:10:04
"22589",2021-07-28 01:45:03
"22599",2021-07-30 00:30:13
"22605",2021-08-02 07:25:12
"22608",2021-08-02 08:10:03
"22610",2021-08-02 12:15:12
"22611",2021-08-03 04:30:03
"22612",2021-08-03 11:10:11
"22613",2021-08-03 11:30:03
"22617",2021-08-03 15:35:04
"22620",2021-08-04 05:55:14
"22621",2021-08-04 07:20:12
"22627",2021-08-05 10:10:12
"22630",2021-08-05 10:55:04
"22631",2021-08-05 15:20:04
"22632",2021-08-05 15:45:04
"22636",2021-08-06 02:40:15
"22642",2021-08-09 08:15:12
"22644",2021-08-09 10:25:08
"22645",2021-08-09 10:30:05
"22646",2021-08-09 10:30:09
"22647",2021-08-09 10:35:11
"22648",2021-08-09 11:15:11
"22649",2021-08-09 11:25:07
"22650",2021-08-09 11:25:12
"22651",2021-08-09 11:40:10
"22652",2021-08-09 11:45:11
"22653",2021-08-09 11:50:11
"22654",2021-08-09 11:50:16
"22655",2021-08-09 12:00:13
"22656",2021-08-09 12:00:18
"22657",2021-08-09 17:40:08
"22660",2021-08-10 08:20:04
"22708",2021-08-10 17:50:14
"22723",2021-08-12 07:10:03
"22727",2021-08-12 23:15:14
"22730",2021-08-13 12:15:04
"22737",2021-08-18 08:50:03
"22739",2021-08-18 09:40:14
"22751",2021-08-19 11:45:14
"22754",2021-08-19 13:55:04
"22757",2021-08-20 13:05:13
"22769",2021-08-25 05:45:13
"22781",2021-08-25 10:05:13
"22794",2021-08-27 12:30:04
"22799",2021-08-27 13:10:04
"22801",2021-08-27 14:10:15
"22806",2021-08-30 13:35:03
"22816",2021-09-02 07:35:04
"23199",2021-09-03 06:45:04
"23208",2021-09-07 17:05:04
"23233",2021-09-09 08:10:17
"23235",2021-09-09 09:50:03
"23240",2021-09-12 15:35:03
"23253",2021-09-16 14:30:04
"23261",2021-09-17 10:00:14
"23262",2021-09-17 15:15:13
"23272",2021-09-21 15:25:03
"23286",2021-09-24 03:15:13
"23288",2021-09-24 12:25:04
"23290",2021-09-28 06:20:04
"23303",2021-09-29 11:55:05
"23311",2021-09-30 14:40:14
"23312",2021-10-01 05:15:13
"23313",2021-10-01 11:55:03
"23327",2021-10-05 07:40:20
"23330",2021-10-05 14:10:16
"23333",2021-10-06 15:40:03
"23339",2021-10-07 16:25:13
"23340",2021-10-07 19:50:04
"23342",2021-10-08 00:45:04
"23348",2021-10-11 09:05:03
"23351",2021-10-11 12:50:03
"23369",2021-10-18 13:00:17
"23370",2021-10-19 10:45:03
"23372",2021-10-20 11:40:04
"23383",2021-10-24 16:10:13
"23388",2021-10-25 13:55:46
"23398",2021-10-28 11:05:12
"23401",2021-10-28 14:35:11
"23403",2021-10-29 09:25:13
"23407",2021-10-29 20:45:03
"23413",2021-10-31 21:40:12
"23415",2021-11-01 14:10:18
"23416",2021-11-02 03:30:11
"23419",2021-11-02 08:20:03
"23422",2021-11-02 13:05:03
"23423",2021-11-02 13:45:11
"23424",2021-11-02 14:10:13
"23425",2021-11-02 14:30:03
"23427",2021-11-02 23:15:04
"23431",2021-11-03 07:30:18
"23441",2021-11-06 08:40:04
"23458",2021-11-09 06:45:03
"23465",2021-11-10 07:25:12
"23482",2021-11-14 07:10:13
"23484",2021-11-15 15:10:05
"23485",2021-11-15 19:10:03
"23489",2021-11-16 23:35:10
"23490",2021-11-17 10:40:12
"23491",2021-11-17 10:40:14
"23495",2021-11-17 18:45:03
"23498",2021-11-19 03:55:14
"23524",2021-11-23 04:35:13
"23525",2021-11-23 05:40:04
"23532",2021-11-23 12:45:05
"23537",2021-11-23 17:30:12
"23558",2021-11-29 08:20:12
"23561",2021-11-29 19:20:03
"23566",2021-11-30 09:55:12
"23574",2021-11-30 16:35:12
"23581",2021-12-03 19:30:13
"23582",2021-12-04 22:00:12
"23583",2021-12-06 00:25:23
"23590",2021-12-07 06:35:19
"23591",2021-12-07 09:00:05
"23592",2021-12-07 13:05:14
"23601",2021-12-09 09:25:28
"23608",2021-12-13 11:25:04
"23612",2021-12-14 06:20:03
"23617",2021-12-14 10:50:03
"23618",2021-12-14 14:00:27
"23621",2021-12-15 08:15:07
"23629",2021-12-18 08:55:10
"23630",2021-12-18 11:20:12
"23631",2021-12-18 11:50:03
"23636",2021-12-20 12:55:03
"23639",2021-12-21 07:30:16
"23647",2021-12-22 09:15:13
"23650",2021-12-22 11:00:04
"23659",2021-12-25 15:25:12
"23660",2021-12-26 00:10:11
"23661",2021-12-26 00:10:14
"23662",2021-12-26 16:45:11
"23680",2022-01-01 19:00:10
"23683",2022-01-03 13:45:03
"23686",2022-01-04 16:45:12
"23688",2022-01-05 07:15:04
"23689",2022-01-05 12:30:04
"23695",2022-01-06 10:35:06
"23716",2022-01-11 09:30:13
"23718",2022-01-11 18:15:07
"23723",2022-01-12 15:05:10
"23726",2022-01-13 07:25:03
"23727",2022-01-13 09:45:19
"23730",2022-01-13 11:15:03
"23733",2022-01-13 12:45:14
"23738",2022-01-14 11:10:10
"23741",2022-01-14 18:05:11
"23745",2022-01-16 19:20:06
"23746",2022-01-17 07:05:12
"23748",2022-01-17 21:25:13
"23752",2022-01-18 13:00:05
"23753",2022-01-18 14:25:13
"23756",2022-01-19 09:30:19
"23762",2022-01-19 10:45:18
"23766",2022-01-19 16:00:05
"23768",2022-01-19 23:05:12
"23772",2022-01-20 15:20:05
"23774",2022-01-21 11:00:53
"23776",2022-01-21 16:15:04
"23779",2022-01-22 14:55:05
"23780",2022-01-22 21:40:27
"23781",2022-01-23 15:50:05
"23785",2022-01-24 10:20:06
"23796",2022-01-25 10:25:10
"23801",2022-01-25 15:30:03
"23808",2022-01-26 11:15:16
"23813",2022-01-27 09:21:21
"23817",2022-01-28 12:25:10
"23832",2022-02-01 12:00:12
"23840",2022-02-02 13:40:07
"23845",2022-02-02 15:25:09
"23878",2022-02-03 21:20:04
"23898",2022-02-04 13:35:10
"23904",2022-02-04 14:55:08
"23911",2022-02-05 11:00:05
"23916",2022-02-07 03:40:11
"23919",2022-02-07 10:05:08
"23928",2022-02-08 08:40:12
"23964",2022-02-14 05:45:05
"23996",2022-02-16 11:15:05
"24023",2022-02-16 16:55:04
"24031",2022-02-19 02:25:12
"24034",2022-02-21 07:25:04
"24035",2022-02-21 07:55:11
"24045",2022-02-22 23:45:13
"24055",2022-02-24 01:55:13
"24058",2022-02-24 05:15:25
"24059",2022-02-24 07:00:12
"24060",2022-02-24 07:05:12
"24061",2022-02-24 08:10:16
"24069",2022-02-25 04:25:12
"24096",2022-03-01 17:20:12
"24097",2022-03-01 20:55:05
"24117",2022-03-03 20:15:07
"24144",2022-03-04 13:15:05
"24165",2022-03-09 20:30:15
"24170",2022-03-10 07:15:05
"24172",2022-03-10 09:00:13
"24189",2022-03-13 06:15:16
"24193",2022-03-13 12:45:05
"24194",2022-03-14 07:05:11
"24196",2022-03-14 17:50:11
"24197",2022-03-15 00:15:16
"24199",2022-03-15 01:15:13
"24202",2022-03-15 10:10:06
"24206",2022-03-16 21:40:05
"24207",2022-03-16 21:45:04
"24208",2022-03-16 21:45:07
"24209",2022-03-17 13:05:04
"24213",2022-03-17 14:35:03
"24215",2022-03-17 23:30:06
"24218",2022-03-18 08:05:06
"24219",2022-03-18 09:30:04
"24221",2022-03-18 10:50:20
"24222",2022-03-18 11:50:04
"24226",2022-03-20 08:05:04
"24228",2022-03-20 17:55:05
"24232",2022-03-21 08:20:05
"24234",2022-03-21 10:50:06
"24248",2022-03-22 11:25:04
"24251",2022-03-23 12:40:06
"24252",2022-03-23 15:10:05
"24253",2022-03-24 14:30:05
"24254",2022-03-24 14:30:08
"24255",2022-03-24 14:45:06
"24257",2022-03-25 06:20:10
"24258",2022-03-25 08:50:13
"24261",2022-03-28 18:20:04
"24275",2022-03-31 09:00:04
"24276",2022-03-31 09:40:16
"24278",2022-04-01 05:30:17
"24281",2022-04-01 13:25:04
"24283",2022-04-02 09:30:08
"24286",2022-04-05 14:00:21
"24288",2022-04-06 03:05:20
"24291",2022-04-06 10:35:13
"24293",2022-04-06 23:15:19
"24294",2022-04-07 05:55:14
"24295",2022-04-07 07:05:25
"24297",2022-04-08 08:35:40
"24301",2022-04-10 10:50:05
"24303",2022-04-11 07:05:12
"24304",2022-04-11 15:10:05
"24305",2022-04-11 18:15:05
"24307",2022-04-12 01:46:48
"24309",2022-04-12 15:15:04
"24317",2022-04-14 21:00:16
"24320",2022-04-15 12:35:05
"24329",2022-04-18 12:15:04
"24331",2022-04-18 15:15:04
"24335",2022-04-20 16:00:06
"24344",2022-04-24 14:55:13
"24347",2022-04-25 15:40:11
"24348",2022-04-25 15:55:13
"24350",2022-04-25 23:55:26
"24351",2022-04-26 00:10:12
"24353",2022-04-26 23:55:05
"24358",2022-04-27 12:15:07
"24361",2022-04-29 12:50:12
"24366",2022-05-01 22:55:13
"24367",2022-05-01 23:00:12
"24370",2022-05-03 03:40:13
"24375",2022-05-03 08:20:04
"24378",2022-05-04 00:30:13
"24379",2022-05-04 02:30:05
"24380",2022-05-04 02:30:06
"24383",2022-05-05 17:30:05
"24385",2022-05-06 07:05:04
"24391",2022-05-08 13:35:13
"24392",2022-05-08 20:05:12
"24395",2022-05-09 03:30:13
"24400",2022-05-10 03:05:15
"24401",2022-05-10 07:05:12
"24402",2022-05-10 15:20:14
"24404",2022-05-10 17:25:14
"24409",2022-05-12 04:00:14
"24411",2022-05-12 06:55:06
"24412",2022-05-12 08:50:05
"24413",2022-05-12 09:10:12
"24415",2022-05-12 17:20:04
"24417",2022-05-13 02:20:05
"24422",2022-05-14 04:20:13
"24424",2022-05-15 11:20:13
"24432",2022-05-16 15:25:04
"24434",2022-05-16 19:45:03
"24435",2022-05-17 05:40:12
"24436",2022-05-17 10:15:04
"24438",2022-05-17 11:30:06
"24441",2022-05-18 05:25:12
"24445",2022-05-18 10:58:40
"24446",2022-05-18 15:20:04
"24450",2022-05-19 13:45:12
"24452",2022-05-20 08:20:05
"24454",2022-05-20 12:10:12
"24465",2022-05-22 23:45:12
"24467",2022-05-23 08:15:47
"24484",2022-05-24 05:45:13
"24489",2022-05-26 16:40:04
"24494",2022-05-29 18:10:04
"24495",2022-05-29 19:00:07
"24496",2022-05-29 19:00:08
"24497",2022-05-30 04:15:15
"24498",2022-05-30 15:45:10
"24499",2022-06-02 02:15:11
"24505",2022-06-03 08:25:05
"24507",2022-06-03 19:10:04
"24510",2022-06-04 14:45:04
"24514",2022-06-06 14:45:14
"24524",2022-06-09 08:35:05
"24528",2022-06-13 01:30:19
"24529",2022-06-13 01:45:19
"24542",2022-06-13 13:50:10
"24543",2022-06-13 17:15:05
"24550",2022-06-14 15:45:12
"24553",2022-06-15 13:10:04
"24554",2022-06-15 13:30:15
"24557",2022-06-16 06:05:09
"24558",2022-06-16 10:10:12
"24559",2022-06-16 10:55:03
"24563",2022-06-17 23:30:04
"24565",2022-06-20 08:20:11
"24566",2022-06-20 11:40:10
"24569",2022-06-20 18:00:10
"24573",2022-06-21 07:46:40
"24574",2022-06-21 07:52:05
"24577",2022-06-21 17:50:04
"24578",2022-06-22 06:30:03
"24583",2022-06-23 07:25:03
"24589",2022-06-24 09:30:04
"24590",2022-06-24 11:20:12
"24602",2022-06-27 07:40:09
"24609",2022-06-29 10:25:04
"24623",2022-07-01 10:05:05
"24630",2022-07-05 07:00:12
"24633",2022-07-06 08:35:12
"24641",2022-07-13 00:55:11
"24661",2022-07-14 11:35:11
"24662",2022-07-14 15:45:11
"24665",2022-07-15 11:10:09
"24667",2022-07-15 12:40:04
"24689",2022-07-15 21:00:05
"24693",2022-07-18 07:15:14
"24697",2022-07-18 15:05:05
"24709",2022-07-19 16:40:04
"24710",2022-07-19 17:45:04
"24719",2022-07-20 14:05:03
"24726",2022-07-21 09:10:04
"24734",2022-07-23 18:45:04
"24737",2022-07-25 08:35:10
"24743",2022-07-26 11:20:12
"24759",2022-07-29 08:15:04
"24770",2022-08-01 11:00:04
"24776",2022-08-02 11:10:09
"24777",2022-08-02 23:40:10
"24779",2022-08-04 01:55:05
"24781",2022-08-05 12:00:05
"24788",2022-08-08 08:35:13
"24791",2022-08-08 18:05:09
"24793",2022-08-09 06:05:11
"24795",2022-08-09 11:05:12
"24799",2022-08-10 00:50:10
"24802",2022-08-11 08:40:12
"24803",2022-08-11 11:25:14
"24806",2022-08-15 08:35:14
"24818",2022-08-17 06:50:18
"24819",2022-08-17 10:20:04
"24820",2022-08-17 12:10:12
"24821",2022-08-17 13:20:04
"24825",2022-08-18 14:00:05
"24828",2022-08-19 09:00:05
"24833",2022-08-20 15:50:14
"24834",2022-08-21 12:20:04
"24841",2022-08-22 11:40:13
"24843",2022-08-22 15:40:09
"24845",2022-08-23 02:25:12
"24847",2022-08-23 08:15:04
"24852",2022-08-23 20:15:04
"24865",2022-08-29 07:15:11
"24870",2022-08-29 19:10:26
"24876",2022-08-30 10:40:04
"24878",2022-08-30 11:05:06
"24881",2022-08-31 13:15:05
"24889",2022-09-02 12:45:04
"24890",2022-09-02 16:10:04
"24899",2022-09-05 10:40:11
"24901",2022-09-05 20:55:12
"24906",2022-09-07 07:50:11
"24907",2022-09-07 10:20:13
"24908",2022-09-07 10:30:08
"24909",2022-09-07 10:55:05
"24911",2022-09-07 14:10:10
"24912",2022-09-07 14:40:09
"24917",2022-09-09 11:30:13
"24922",2022-09-12 08:20:11
"24927",2022-09-14 06:45:10
"24929",2022-09-14 14:45:04
"24936",2022-09-16 09:40:09
"24937",2022-09-16 11:55:10
"24938",2022-09-16 19:45:08
"24941",2022-09-18 03:45:11
"24942",2022-09-19 00:25:09
"24943",2022-09-19 07:40:10
"24944",2022-09-20 05:20:10
"24946",2022-09-20 12:05:11
"24949",2022-09-21 10:05:11
"24954",2022-09-22 06:40:04
"24958",2022-09-22 14:00:03
"24963",2022-09-24 01:05:09
"24965",2022-09-24 08:05:09
"24969",2022-09-26 04:00:10
"24970",2022-09-26 09:05:11
"24974",2022-09-26 12:30:13
"24976",2022-09-26 19:30:04
"24979",2022-09-27 11:35:10
"24980",2022-09-27 12:00:05
"24983",2022-09-27 15:00:04
"24984",2022-09-27 15:10:05
"24985",2022-09-27 18:10:13
"24989",2022-09-28 10:35:10
"24992",2022-09-29 00:50:11
"24993",2022-09-29 04:45:10
"25001",2022-09-30 09:25:11
"25006",2022-10-03 00:15:05
"25009",2022-10-03 12:00:05
"25019",2022-10-05 02:20:09
"25021",2022-10-05 09:00:12
"25036",2022-10-06 16:00:15
"25037",2022-10-06 16:45:10
"25038",2022-10-06 16:55:18
"25045",2022-10-07 11:35:05
"25050",2022-10-07 18:50:09
"25066",2022-10-12 05:50:11
"25069",2022-10-12 13:20:11
"25072",2022-10-13 09:20:11
"25086",2022-10-14 15:30:04
"25090",2022-10-17 07:55:11
"25093",2022-10-17 08:00:10
"25094",2022-10-17 11:05:10
"25099",2022-10-17 18:55:12
"25100",2022-10-17 23:50:10
"25102",2022-10-19 02:50:11
"25104",2022-10-19 04:50:11
"25108",2022-10-19 10:15:16
"25110",2022-10-19 12:00:05
"25114",2022-10-20 03:35:11
"25120",2022-10-21 01:00:10
"25121",2022-10-21 06:40:09
"25127",2022-10-22 12:30:05
"25128",2022-10-25 02:20:10
"25146",2022-10-25 11:20:08
"25149",2022-10-25 18:15:09
"25150",2022-10-25 21:35:04
"25151",2022-10-25 22:10:12
"25152",2022-10-26 06:30:11
"25155",2022-10-26 08:35:11
"25161",2022-10-27 08:45:03
"25167",2022-10-28 04:55:10
"25168",2022-10-28 07:50:12
"25177",2022-10-30 12:25:05
"25193",2022-11-03 09:30:10
"25206",2022-11-03 13:50:15
"25211",2022-11-04 07:55:12
"25218",2022-11-07 07:20:13
"25222",2022-11-07 22:05:10
"25226",2022-11-08 07:40:09
"25227",2022-11-08 08:40:09
"25228",2022-11-08 10:35:12
"25235",2022-11-09 11:25:13
"25238",2022-11-09 11:35:10
"25239",2022-11-09 19:50:10
"25241",2022-11-10 06:40:10
"25244",2022-11-10 09:35:11
"25249",2022-11-10 13:00:11
"25251",2022-11-10 14:55:10
"25257",2022-11-12 11:00:05
"25260",2022-11-12 17:10:10
"25263",2022-11-14 06:00:11
"25265",2022-11-14 06:45:11
"25267",2022-11-14 10:40:09
"25268",2022-11-14 12:11:17
"25269",2022-11-14 13:10:04
"25297",2022-11-15 07:25:18
"25300",2022-11-15 09:45:11
"25315",2022-11-15 15:10:06
"25316",2022-11-15 19:10:11
"25319",2022-11-16 06:05:13
"25323",2022-11-16 10:05:10
"25344",2022-11-17 06:05:09
"25346",2022-11-17 07:35:13
"25347",2022-11-17 12:10:06
"25352",2022-11-18 00:40:10
"25353",2022-11-18 01:35:18
"25363",2022-11-21 05:40:09
"25367",2022-11-21 07:35:14
"25368",2022-11-21 07:50:11
"25380",2022-11-21 10:40:09
"25391",2022-11-21 11:05:10
"25405",2022-11-21 12:25:10
"25408",2022-11-21 12:45:10
"25410",2022-11-22 04:15:10
"25412",2022-11-22 09:30:11
"25413",2022-11-22 14:25:11
"25414",2022-11-22 15:40:12
"25416",2022-11-23 05:25:41
"25424",2022-11-25 04:20:11
"25425",2022-11-25 11:00:48
"25430",2022-11-28 06:51:37
"25433",2022-11-28 07:35:22
"25437",2022-11-28 15:25:04
"25438",2022-11-28 16:46:46
"25441",2022-11-29 09:35:11
"25444",2022-11-30 15:10:12
"25445",2022-11-30 19:45:07
"25447",2022-11-30 23:45:17
"25452",2022-12-02 08:10:10
"25456",2022-12-02 10:15:11
"25459",2022-12-05 06:05:06
"25461",2022-12-05 06:55:12
"25464",2022-12-05 15:15:14
"25470",2022-12-06 06:10:11
"25472",2022-12-07 05:25:13
"25474",2022-12-07 10:08:48
"25477",2022-12-07 13:10:07
"25482",2022-12-08 08:45:12
"25488",2022-12-09 12:35:06
"25490",2022-12-10 06:40:09
"25494",2022-12-12 15:30:08
"25495",2022-12-12 22:35:12
"25496",2022-12-13 08:55:09
"25505",2022-12-14 11:40:13
"25506",2022-12-15 04:25:09
"25512",2022-12-17 15:25:05
"25513",2022-12-18 16:45:12
"25519",2022-12-19 13:39:40
"25526",2022-12-20 09:08:29
"25530",2022-12-22 11:50:11
"25531",2022-12-22 11:50:14
"25535",2022-12-22 12:10:06
"25536",2022-12-22 13:45:08
"25550",2022-12-29 14:15:05
"25557",2023-01-02 13:50:10
"25560",2023-01-03 12:40:04
"25561",2023-01-03 13:25:03
"25563",2023-01-04 04:35:05
"25569",2023-01-04 15:05:04
"25570",2023-01-05 04:35:10
"25571",2023-01-05 05:50:09
"25574",2023-01-05 08:10:05
"25579",2023-01-06 13:20:09
"25580",2023-01-06 22:20:04
"25581",2023-01-09 06:10:10
"25582",2023-01-09 07:10:14
"25583",2023-01-09 08:10:15
"25586",2023-01-10 06:15:10
"25587",2023-01-10 08:20:10
"25588",2023-01-10 08:50:14
"25589",2023-01-10 17:15:11
"25591",2023-01-10 22:25:20
"25599",2023-01-11 10:35:04
"25600",2023-01-12 04:20:11
"25601",2023-01-12 12:10:03
"25602",2023-01-12 18:00:06
"25605",2023-01-13 16:35:04
"25608",2023-01-16 09:20:04
"25609",2023-01-16 13:10:05
"25615",2023-01-17 17:45:09
"25616",2023-01-18 02:30:09
"25622",2023-01-18 12:05:09
"25625",2023-01-18 14:55:09
"25629",2023-01-19 06:30:13
"25636",2023-01-20 01:50:11
"25638",2023-01-20 07:35:11
"25640",2023-01-20 08:40:05
"25645",2023-01-21 03:35:09
"25646",2023-01-21 06:20:09
"25649",2023-01-23 10:00:09
"25652",2023-01-23 14:40:04
"25656",2023-01-24 15:29:28
"25667",2023-01-25 09:03:51
"25724",2023-01-29 06:30:21
"25727",2023-01-29 22:30:04
"25738",2023-01-31 13:45:05
"25748",2023-02-01 07:20:05
"25749",2023-02-01 08:05:04
"25750",2023-02-01 10:30:09
"25757",2023-02-02 21:40:09
"25760",2023-02-03 02:35:12
"25763",2023-02-03 13:35:11
"25768",2023-02-05 09:25:04
"25770",2023-02-06 01:35:10
"25771",2023-02-06 07:25:15
"25773",2023-02-06 10:35:03
"25775",2023-02-06 14:35:04
"25776",2023-02-06 15:10:04
"25778",2023-02-07 07:45:19
"25789",2023-02-08 05:30:10
"25790",2023-02-08 09:15:12
"25792",2023-02-08 19:50:11
"25817",2023-02-10 11:12:24
"25831",2023-02-14 13:30:05
"25832",2023-02-14 13:55:08
"25836",2023-02-15 08:55:04
"25853",2023-02-15 14:40:09
"25856",2023-02-16 11:05:05
"25857",2023-02-16 12:30:04
"25858",2023-02-16 16:40:05
"25860",2023-02-16 18:45:08
"25861",2023-02-17 05:00:09
"25867",2023-02-17 11:10:04
"25869",2023-02-19 15:15:09
"25870",2023-02-20 11:25:12
"25871",2023-02-20 12:10:10
"25872",2023-02-20 13:00:11
"25876",2023-02-21 11:35:05
"25878",2023-02-21 23:25:14
"25881",2023-02-22 10:12:08
"25887",2023-02-23 12:35:06
"25889",2023-02-24 06:10:09
"25891",2023-02-24 11:00:10
"25893",2023-02-24 22:50:13
"25898",2023-02-27 14:30:05
"25902",2023-03-01 20:05:07
"25908",2023-03-04 17:25:08
"25913",2023-03-06 09:30:13
"25914",2023-03-06 10:15:04
"25921",2023-03-06 13:20:10
"25922",2023-03-07 05:25:11
"25932",2023-03-10 02:55:05
"25935",2023-03-10 20:55:10
"25936",2023-03-10 20:55:12
"25944",2023-03-14 10:00:10
"25948",2023-03-14 20:00:04
"25951",2023-03-16 17:20:09
"25953",2023-03-17 02:00:11
"25954",2023-03-17 08:15:06
"25955",2023-03-17 11:55:11
"25957",2023-03-17 15:40:05
"25958",2023-03-20 04:40:15
"25959",2023-03-20 06:45:09
"25960",2023-03-20 11:20:05
"25964",2023-03-20 17:35:16
"25966",2023-03-21 05:50:13
"25972",2023-03-21 14:00:05
"25982",2023-03-24 09:40:04
"25996",2023-03-27 05:10:09
"26008",2023-03-28 03:00:11
"26009",2023-03-28 07:20:06
"26018",2023-03-30 08:20:11
"26019",2023-03-30 10:38:37
"26022",2023-03-30 11:20:07
"26028",2023-04-03 13:00:07
"26032",2023-04-04 11:35:08
"26033",2023-04-04 11:55:07
"26034",2023-04-04 14:55:06
"26035",2023-04-04 21:15:08
"26037",2023-04-05 06:50:07
"26043",2023-04-06 11:15:19
"26047",2023-04-10 11:20:13
"26049",2023-04-11 09:35:27
"26056",2023-04-12 10:31:44
"26059",2023-04-12 10:31:59
"26060",2023-04-12 10:32:05
"26061",2023-04-12 10:32:12
"26062",2023-04-12 10:32:16
"26063",2023-04-12 10:32:19
"26064",2023-04-12 10:32:26
"26065",2023-04-12 10:32:29
"26066",2023-04-12 10:32:33
"26067",2023-04-12 10:32:38
"26068",2023-04-12 10:32:43
"26069",2023-04-12 10:32:45
"26070",2023-04-12 10:32:50
"26071",2023-04-12 10:32:55
"26073",2023-04-12 10:50:56
"26074",2023-04-12 12:25:11
"26087",2023-04-14 12:45:10
"26088",2023-04-14 20:10:06
"26089",2023-04-17 10:40:05
"26090",2023-04-17 11:15:09
"26091",2023-04-17 15:40:07
"26092",2023-04-18 04:35:06
"26093",2023-04-18 08:05:15
"26095",2023-04-18 10:20:06
"26096",2023-04-18 13:15:09
"26103",2023-04-19 13:10:11
"26105",2023-04-20 10:50:15
"26106",2023-04-20 11:55:15
"26107",2023-04-20 14:49:15
"26109",2023-04-20 16:58:43
"26112",2023-04-23 05:15:07
"26120",2023-04-24 13:05:05
"26126",2023-04-25 11:25:08
"26127",2023-04-25 17:25:06
"26129",2023-04-26 09:10:10
"26136",2023-04-28 11:55:09
"26143",2023-05-01 06:20:07
"26144",2023-05-01 09:30:05
"26146",2023-05-01 13:50:06
"26151",2023-05-02 15:55:08
"26152",2023-05-02 18:40:09
"26153",2023-05-03 09:15:05
"26154",2023-05-03 13:20:08
"26155",2023-05-03 13:20:11
"26168",2023-05-04 11:50:20
"26169",2023-05-04 17:55:09
"26171",2023-05-05 05:30:15
"26172",2023-05-05 08:00:11
"26173",2023-05-05 09:25:30
"26181",2023-05-08 10:58:58
"26186",2023-05-09 10:05:06
"26187",2023-05-09 11:45:10
"26188",2023-05-09 12:00:06
"26200",2023-05-10 11:40:10
"26231",2023-05-11 03:10:09
"26232",2023-05-11 05:20:09
"26238",2023-05-12 04:20:09
"26240",2023-05-14 08:05:10
"26241",2023-05-14 19:05:10
"26243",2023-05-15 03:35:10
"26244",2023-05-15 08:15:10
"26245",2023-05-15 08:45:09
"26248",2023-05-15 15:45:07
"26250",2023-05-16 02:10:12
"26251",2023-05-16 08:45:10
"26253",2023-05-17 07:15:11
"26254",2023-05-17 09:00:08
"26255",2023-05-17 19:10:09
"26258",2023-05-19 03:05:09
"26259",2023-05-19 03:50:13
"26276",2023-05-21 22:30:09
"26278",2023-05-22 12:00:13
"26282",2023-05-23 03:25:15
"26283",2023-05-23 03:30:11
"26294",2023-05-24 01:20:14
"26297",2023-05-24 05:05:16
"26302",2023-05-25 01:20:06
"26303",2023-05-25 11:55:12
"26304",2023-05-25 13:30:14
"26305",2023-05-25 20:20:07
"26311",2023-05-28 11:55:07
"26312",2023-05-29 07:25:13
"26314",2023-05-29 12:10:09
"26317",2023-05-29 13:15:06
"26322",2023-05-30 16:10:07
"26324",2023-05-30 22:45:08
"26336",2023-06-02 02:35:09
"26337",2023-06-02 06:40:07
"26339",2023-06-02 09:30:10
"26340",2023-06-02 11:40:15
"26341",2023-06-03 03:50:09
"26353",2023-06-08 11:20:11
"26357",2023-06-09 14:25:11
"26366",2023-06-14 11:05:15
"26368",2023-06-15 07:40:13
"26372",2023-06-15 15:45:07
"26375",2023-06-17 01:35:14
"26381",2023-06-20 09:46:06
"26382",2023-06-20 18:25:10
"26383",2023-06-21 07:15:11
"26384",2023-06-21 11:30:11
"26386",2023-06-23 03:15:10
"26394",2023-06-25 23:40:05
"26396",2023-06-26 10:55:11
"26403",2023-06-27 13:55:04
"26406",2023-06-28 11:30:07
"26407",2023-06-28 12:30:10
"26408",2023-06-28 14:50:10
"26414",2023-07-03 09:30:11
"26417",2023-07-04 01:15:06
"26419",2023-07-04 01:45:08
"26421",2023-07-06 08:30:08
"26422",2023-07-06 11:15:12
"26423",2023-07-06 14:25:14
"26424",2023-07-06 14:30:12
"26425",2023-07-06 15:45:15
"26431",2023-07-10 02:20:27
"26432",2023-07-10 02:30:22
"26434",2023-07-10 05:55:14
"26436",2023-07-12 05:05:05
"26437",2023-07-12 08:10:06
"26439",2023-07-12 14:05:04
"26441",2023-07-13 11:30:11
"26442",2023-07-13 14:10:14
"26448",2023-07-16 15:20:07
"26449",2023-07-16 19:45:05
"26451",2023-07-17 14:40:13
"26452",2023-07-17 15:35:06
"26453",2023-07-17 19:20:07
"26463",2023-07-18 11:35:04
"26464",2023-07-18 11:50:05
"26465",2023-07-18 17:40:05
"26468",2023-07-21 12:00:06
"26470",2023-07-23 23:00:15
"26471",2023-07-24 09:40:04
"26475",2023-07-25 11:35:11
"26478",2023-07-27 11:30:06
"26479",2023-07-29 17:40:05
"26481",2023-07-31 04:40:12
"26482",2023-07-31 11:05:11
"26484",2023-07-31 17:55:04
"26485",2023-07-31 19:20:04
"26488",2023-08-02 10:05:17
"26490",2023-08-03 03:25:14
"26493",2023-08-03 06:35:11
"26497",2023-08-05 10:10:31
"26510",2023-08-08 09:05:11
"26518",2023-08-09 09:15:10
"26528",2023-08-14 10:10:10
"26529",2023-08-14 14:00:05
"26531",2023-08-15 10:55:11
"26532",2023-08-15 11:55:10
"26535",2023-08-15 23:50:07
"26537",2023-08-16 09:20:07
"26538",2023-08-16 15:35:07
"26539",2023-08-16 15:35:11
"26541",2023-08-17 10:35:13
"26542",2023-08-17 11:55:06
"26544",2023-08-18 08:10:09
"26549",2023-08-21 03:00:12
"26553",2023-08-21 13:55:37
"26557",2023-08-22 11:30:10
"26559",2023-08-23 08:15:07
"26564",2023-08-24 14:10:11
"26565",2023-08-24 15:05:11
"26567",2023-08-25 09:20:08
"26570",2023-08-28 10:35:08
"26571",2023-08-28 10:40:07
"26576",2023-08-28 15:25:12
"26580",2023-08-29 08:40:12
"26582",2023-08-29 09:45:10
"26586",2023-08-30 11:35:10
"26587",2023-08-30 14:50:07
"26589",2023-08-30 15:20:12
"26590",2023-08-30 16:15:12
"26593",2023-08-31 07:30:12
"26597",2023-09-01 09:30:15
"26599",2023-09-02 05:30:12
"26600",2023-09-02 07:00:15
"26602",2023-09-02 22:00:15
"26604",2023-09-04 00:35:15
"26605",2023-09-04 00:40:21
"26609",2023-09-05 03:20:16
"26610",2023-09-05 14:15:14
"26611",2023-09-05 16:15:11
"26614",2023-09-06 12:00:08
"26615",2023-09-06 12:15:09
"26624",2023-09-07 11:00:08
"26629",2023-09-08 11:45:11
"26631",2023-09-10 06:30:13
"26632",2023-09-11 10:20:20
"26637",2023-09-12 00:55:12
"26639",2023-09-12 14:00:08
"26646",2023-09-13 08:50:13
"26649",2023-09-13 18:15:11
"26651",2023-09-14 04:25:11
"26665",2023-09-15 09:20:10
"26670",2023-09-15 14:05:11
"26677",2023-09-16 05:35:10
"26683",2023-09-20 05:50:16
"26696",2023-09-21 03:50:11
"26697",2023-09-21 03:55:11
"26699",2023-09-21 11:35:14
"26702",2023-09-21 11:55:09
"26703",2023-09-21 12:00:14
"26712",2023-09-22 00:25:19
"26719",2023-09-23 11:20:09
"26720",2023-09-23 18:00:08
"26722",2023-09-25 01:55:10
"26735",2023-09-25 14:15:09
"26740",2023-09-26 15:55:09
"26743",2023-09-27 01:35:28
"26751",2023-09-28 13:15:08
"26754",2023-09-29 00:15:11
"26761",2023-09-29 17:40:09
"26770",2023-10-02 12:45:14
"26772",2023-10-02 16:20:10
"26774",2023-10-03 03:15:14
"26778",2023-10-04 12:05:14
"26780",2023-10-04 20:10:15
"26782",2023-10-05 10:25:09
"26783",2023-10-05 14:20:15
"26785",2023-10-05 14:25:07
"26788",2023-10-05 16:30:10
"26793",2023-10-06 10:35:11
"26798",2023-10-07 06:50:17
"26800",2023-10-08 09:50:13
"26802",2023-10-09 06:10:13
"26803",2023-10-09 07:55:11
"26811",2023-10-10 02:50:20
"26812",2023-10-10 07:00:15
"26813",2023-10-10 07:15:16
"26815",2023-10-10 10:40:08
"26816",2023-10-10 12:35:22
"26818",2023-10-11 08:36:02
"26825",2023-10-11 09:30:20
"26834",2023-10-11 10:55:08
"26842",2023-10-11 19:40:10
"26843",2023-10-11 23:15:16
"26846",2023-10-12 08:20:14
"26848",2023-10-12 18:20:15
"26850",2023-10-12 23:35:28
"26851",2023-10-13 05:05:16
"26852",2023-10-13 05:25:12
"26854",2023-10-13 10:40:16
"26856",2023-10-15 11:25:08
"26857",2023-10-15 14:40:11
"26858",2023-10-15 19:45:10
"26864",2023-10-17 06:30:10
"26865",2023-10-17 09:15:15
"26870",2023-10-17 10:10:15
"26872",2023-10-17 13:20:15
"26873",2023-10-17 13:20:25
"26878",2023-10-17 16:40:12
"26880",2023-10-18 06:05:22
"26883",2023-10-18 09:15:18
"26886",2023-10-18 13:45:15
"26891",2023-10-18 18:20:14
"26893",2023-10-19 04:20:23
"26894",2023-10-19 07:30:14
"26898",2023-10-20 08:35:18
"26904",2023-10-23 08:55:13
"26909",2023-10-23 12:10:14
"26924",2023-10-24 10:00:15
"26926",2023-10-24 11:35:18
"26943",2023-10-25 22:40:13
"26944",2023-10-26 00:00:31
"26947",2023-10-26 12:20:18
"26955",2023-10-27 04:00:18
"26957",2023-10-27 12:25:07
"26960",2023-10-28 04:25:13
"26961",2023-10-28 22:10:14
"26962",2023-10-29 18:05:08
"26963",2023-10-30 07:05:09
"26964",2023-10-30 08:00:17
"26970",2023-10-31 06:00:19
"26974",2023-10-31 11:15:15
"26981",2023-11-02 04:00:22
"26982",2023-11-02 06:55:14
"26983",2023-11-02 08:20:12
"26995",2023-11-03 06:40:13
"27001",2023-11-04 02:05:14
"27005",2023-11-05 22:40:18
"27006",2023-11-06 08:30:14
"27008",2023-11-06 11:20:10
"27011",2023-11-07 04:50:20
"27013",2023-11-07 05:05:21
"27016",2023-11-07 11:00:07
"27018",2023-11-07 12:55:08
"27020",2023-11-08 06:05:23
"27025",2023-11-09 00:35:33
"27026",2023-11-09 02:05:19
"27027",2023-11-09 07:25:17
"27033",2023-11-11 06:05:12
"27041",2023-11-13 06:50:12
"27042",2023-11-13 09:20:10
"27043",2023-11-13 10:15:13
"27045",2023-11-13 16:10:48
"27049",2023-11-13 22:55:11
"27051",2023-11-14 06:50:12
"27053",2023-11-14 07:30:15
"27056",2023-11-14 07:40:08
"27071",2023-11-15 07:10:11
"27074",2023-11-15 14:55:12
"27082",2023-11-16 07:35:11
"27088",2023-11-17 01:20:12
"27089",2023-11-17 06:40:11
"27090",2023-11-17 07:35:10
"27107",2023-11-18 07:10:13
"27109",2023-11-20 05:45:18
"27121",2023-11-21 04:50:19
"27123",2023-11-21 17:45:22
"27125",2023-11-22 12:25:10
"27136",2023-11-23 09:10:11
"27142",2023-11-26 10:00:14
"27143",2023-11-26 10:20:10
"27144",2023-11-26 16:50:10
"27149",2023-11-27 12:40:08
"27157",2023-11-28 03:05:16
"27161",2023-11-28 11:25:09
"27165",2023-11-29 04:55:15
"27177",2023-11-29 08:30:12
"27180",2023-11-29 09:00:16
"27181",2023-11-29 12:00:13
"27182",2023-11-29 14:10:17
"27191",2023-11-30 02:40:15
"27193",2023-11-30 04:40:15
"27201",2023-11-30 10:50:16
"27202",2023-11-30 12:05:11
"27203",2023-11-30 12:55:11
"27206",2023-11-30 15:55:08
"27208",2023-12-01 05:35:16
"27211",2023-12-01 13:00:21
"27212",2023-12-01 13:05:13
"27213",2023-12-01 13:05:16
"27214",2023-12-01 22:55:16
"27218",2023-12-04 06:55:12
"27219",2023-12-04 07:00:25
"27222",2023-12-04 11:05:13
"27223",2023-12-04 11:35:11
"27226",2023-12-04 16:00:34
"27227",2023-12-04 20:00:10
"27228",2023-12-05 00:55:14
"27232",2023-12-05 07:20:12
"27233",2023-12-05 18:55:18
"27235",2023-12-06 01:50:15
"27236",2023-12-07 09:15:08
"27237",2023-12-07 11:35:09
"27238",2023-12-07 14:30:08
"27239",2023-12-07 16:15:08
"27242",2023-12-08 11:05:13
"27249",2023-12-08 13:55:08
"27276",2023-12-09 21:00:23
"27277",2023-12-11 01:35:12
"27278",2023-12-11 09:45:13
"27282",2023-12-11 18:30:15
"27284",2023-12-12 07:10:13
"27285",2023-12-12 07:15:16
"27292",2023-12-12 13:00:19
"27300",2023-12-12 16:25:17
"27302",2023-12-13 06:30:16
"27340",2023-12-13 14:50:10
"27347",2023-12-14 10:10:07
"27351",2023-12-15 16:25:08
"27353",2023-12-16 12:55:09
"27374",2023-12-18 12:05:10
"27379",2023-12-18 16:10:15
"27380",2023-12-18 16:10:18
"27392",2023-12-19 13:45:09
"27396",2023-12-19 17:25:12
"27404",2023-12-20 10:45:11
"27405",2023-12-20 10:50:09
"27410",2023-12-20 13:15:09
"27444",2023-12-21 19:50:09
"27450",2023-12-22 13:55:10
"27457",2023-12-23 03:05:14
"27477",2024-01-01 12:35:11
"27478",2024-01-02 00:40:13
"27481",2024-01-02 10:50:08
"27485",2024-01-03 11:45:14
"27496",2024-01-04 11:35:21
"27497",2024-01-04 13:25:14
"27511",2024-01-07 10:00:14
"27512",2024-01-07 17:50:10
"27516",2024-01-08 09:20:17
"27528",2024-01-09 16:20:08
"27535",2024-01-10 12:35:13
"27536",2024-01-10 13:10:06
"27537",2024-01-10 16:45:09
"27541",2024-01-11 09:45:15
"27543",2024-01-11 13:30:11
"27550",2024-01-12 14:40:10
"27551",2024-01-14 12:35:19
"27554",2024-01-15 12:35:11
"27570",2024-01-18 08:10:13
"27573",2024-01-18 19:05:09
"27574",2024-01-19 12:05:12
"27578",2024-01-21 18:30:09
"27583",2024-01-22 16:55:09
"27587",2024-01-22 17:15:14
"27589",2024-01-23 08:30:21
"27590",2024-01-23 17:50:09
"27591",2024-01-24 06:20:11
"27592",2024-01-24 10:50:08
"27593",2024-01-24 12:40:09
"27596",2024-01-25 01:00:08
"27597",2024-01-25 07:45:12
"27601",2024-01-25 14:45:16
"27602",2024-01-25 17:05:15
"27610",2024-01-29 00:50:06
"27611",2024-01-29 01:00:11
"27612",2024-01-29 04:35:14
"27614",2024-01-29 08:05:10
"27615",2024-01-29 09:00:08
"27618",2024-01-29 13:35:11
"27619",2024-01-29 15:00:10
"27625",2024-01-30 06:30:06
"27626",2024-01-30 06:50:06
"27629",2024-01-30 10:10:08
"27636",2024-01-31 04:35:11
"27667",2024-02-01 14:55:08
"27669",2024-02-01 20:15:16
"27681",2024-02-03 20:45:11
"27683",2024-02-04 11:46:13
"27689",2024-02-05 00:25:11
"27690",2024-02-05 06:50:15
"27691",2024-02-05 08:15:41
"27693",2024-02-05 09:05:56
"27697",2024-02-05 14:30:10
"27699",2024-02-06 08:02:51
"27701",2024-02-06 09:05:10
"27722",2024-02-07 04:15:12
"27739",2024-02-08 04:25:13
"27742",2024-02-08 09:30:08
"27746",2024-02-08 12:20:12
"27754",2024-02-08 15:40:06
"27762",2024-02-10 12:45:06
"27763",2024-02-12 03:30:12
"27764",2024-02-12 09:30:09
"27767",2024-02-12 11:25:08
"27776",2024-02-13 12:00:07
"27792",2024-02-15 00:15:12
"27795",2024-02-16 09:25:15
"27802",2024-02-16 12:40:10
"27803",2024-02-17 11:35:11
"27804",2024-02-18 05:15:08
"27806",2024-02-19 01:20:11
"27810",2024-02-20 07:30:15
"27812",2024-02-20 16:05:08
"27814",2024-02-21 08:25:05
"27815",2024-02-21 09:00:15
"27816",2024-02-22 08:45:14
"27817",2024-02-22 09:01:35
"27818",2024-02-22 11:25:07
"27820",2024-02-22 14:15:10
"27822",2024-02-22 18:30:08
"27838",2024-02-25 13:00:11
"27843",2024-02-26 09:20:09
"27848",2024-02-26 23:20:11
"27849",2024-02-26 23:35:11
"27850",2024-02-27 06:45:17
"27851",2024-02-27 07:10:12
"27856",2024-02-28 17:20:24
"27860",2024-02-29 04:45:15
"27861",2024-02-29 16:05:07
"27865",2024-03-04 06:40:09
"27877",2024-03-06 00:35:12
"27878",2024-03-06 10:10:14
"27879",2024-03-06 14:05:09
"27882",2024-03-07 09:30:24
"27884",2024-03-07 10:10:09
"27889",2024-03-08 18:15:13
"27890",2024-03-09 04:25:13
"27892",2024-03-10 22:45:10
"27896",2024-03-11 09:50:11
"27900",2024-03-12 13:20:14
"27904",2024-03-13 09:45:08
"27906",2024-03-13 12:35:08
"27907",2024-03-13 16:05:07
"27908",2024-03-13 18:25:09
"27911",2024-03-14 16:55:06
"27915",2024-03-15 10:10:58
"27919",2024-03-18 13:05:12
"27922",2024-03-19 08:05:14
"27924",2024-03-20 11:15:08
"27925",2024-03-20 12:00:12
"27928",2024-03-21 10:05:14
"27931",2024-03-22 05:05:13
"27933",2024-03-22 08:15:09
"27934",2024-03-22 11:25:15
"27938",2024-03-22 12:05:14
"27940",2024-03-22 15:25:09
"27943",2024-03-24 08:30:13
"27946",2024-03-26 09:55:08
"27947",2024-03-26 11:40:12
"27948",2024-03-26 16:30:08
"27951",2024-03-27 03:10:20
"27954",2024-03-27 18:00:06
"27956",2024-03-28 03:20:13
"27958",2024-03-29 06:50:08
"27959",2024-03-29 07:55:12
"27961",2024-03-31 22:10:11
"27962",2024-04-01 10:25:12
"27964",2024-04-02 09:00:06
"27965",2024-04-03 10:45:09
"27966",2024-04-03 12:00:09
"27968",2024-04-04 07:10:07
"27970",2024-04-04 11:05:13
"27973",2024-04-04 18:25:15
"27975",2024-04-05 19:25:07
"27976",2024-04-06 11:00:12
"27977",2024-04-06 11:25:06
"27981",2024-04-09 03:00:07
"27982",2024-04-09 08:55:06
"27983",2024-04-09 09:40:13
"27986",2024-04-09 16:40:10
"27988",2024-04-11 09:30:09
"27991",2024-04-12 12:00:18
"27994",2024-04-13 21:00:07
"27995",2024-04-15 02:55:13
"27996",2024-04-15 05:05:14
"27999",2024-04-15 11:40:11
"28000",2024-04-15 13:10:12
"28003",2024-04-16 12:05:11
"28004",2024-04-17 10:25:08
"28005",2024-04-17 13:00:08
"28009",2024-04-19 21:20:07
"28012",2024-04-21 14:50:06
"28014",2024-04-22 04:30:14
"28016",2024-04-23 02:20:15
"28019",2024-04-23 06:50:16
"28021",2024-04-23 16:00:10
"28024",2024-04-25 03:45:14
"28046",2024-04-25 22:15:10
"28053",2024-04-26 10:50:13
"28054",2024-04-26 11:25:08
"28056",2024-04-28 07:50:06
"28058",2024-04-29 17:30:11
"28060",2024-04-30 07:25:50
"28062",2024-04-30 10:00:24
"28064",2024-04-30 12:40:06
"28065",2024-04-30 13:10:11
"28066",2024-04-30 18:20:12
"28069",2024-05-01 15:05:13
"28070",2024-05-02 01:15:15
"28076",2024-05-02 11:40:07
"28082",2024-05-04 05:45:12
"28083",2024-05-05 08:25:10
"28087",2024-05-06 12:55:06
"28088",2024-05-06 13:30:11
"28092",2024-05-08 00:40:17
"28098",2024-05-08 09:55:10
"28105",2024-05-09 15:25:12
"28112",2024-05-13 18:25:11
"28118",2024-05-15 07:30:08
"28119",2024-05-15 11:55:12
"28121",2024-05-16 10:30:07
"28123",2024-05-17 07:55:14
"28124",2024-05-17 09:00:09
"28126",2024-05-17 15:55:08
"28132",2024-05-20 19:05:13
"28133",2024-05-21 13:15:10
"28134",2024-05-21 14:30:08
"28139",2024-05-22 09:15:12
"28142",2024-05-22 19:20:06
"28144",2024-05-23 10:10:11
"28145",2024-05-23 10:15:11
"28150",2024-05-24 07:05:08
"28152",2024-05-24 09:05:10
"28154",2024-05-25 21:50:10
"28155",2024-05-27 06:10:11
"28160",2024-05-27 09:25:06
"28162",2024-05-27 10:05:11
"28169",2024-05-31 04:55:14
"28171",2024-05-31 05:50:14
"28172",2024-05-31 12:35:11
"28174",2024-05-31 14:30:08
"28179",2024-06-01 11:05:08
"28181",2024-06-03 06:50:11
"28182",2024-06-03 09:20:09
"28189",2024-06-04 05:30:12
"28190",2024-06-04 08:50:12
"28201",2024-06-05 06:40:12
"28202",2024-06-05 09:15:07
"28203",2024-06-05 11:05:14
"28204",2024-06-06 02:20:15
"28206",2024-06-06 15:30:11
"28208",2024-06-07 05:40:08
"28215",2024-06-07 17:25:06
"28216",2024-06-09 03:15:17
"28219",2024-06-10 15:20:06
"28225",2024-06-11 08:55:17
"28228",2024-06-12 07:30:12
"28229",2024-06-12 08:05:12
"28232",2024-06-13 12:15:12
"28242",2024-06-14 03:35:17
"28243",2024-06-14 05:45:14
"28269",2024-06-17 17:55:13
"28277",2024-06-18 11:05:18
"28278",2024-06-18 11:25:08
"28282",2024-06-19 17:25:08
"28283",2024-06-20 05:50:14
"28284",2024-06-20 06:50:16
"28286",2024-06-20 08:30:06
"28295",2024-06-24 07:55:17
"28307",2024-06-25 03:35:14
"28315",2024-06-25 14:35:13
"28322",2024-06-26 02:50:13
"28324",2024-06-26 11:50:08
"28331",2024-06-27 18:00:13
"28332",2024-06-28 07:45:09
"28335",2024-06-28 13:10:13
"28345",2024-07-01 14:55:21
"28363",2024-07-03 00:00:23
"28366",2024-07-03 15:00:12
"28390",2024-07-03 18:05:08
"28395",2024-07-05 09:55:09
"28399",2024-07-08 08:40:06
"28401",2024-07-08 17:30:07
"28404",2024-07-11 08:35:04
"28405",2024-07-11 10:45:11
"28406",2024-07-11 11:05:19
"28407",2024-07-11 13:30:09
"28410",2024-07-12 10:30:15
"28417",2024-07-16 10:25:11
"28419",2024-07-16 15:05:07
"28420",2024-07-16 15:21:17
"28421",2024-07-16 15:40:08
"28422",2024-07-17 00:50:11
"28423",2024-07-17 04:40:16
"28430",2024-07-18 11:20:06
"28431",2024-07-18 11:55:06
"28434",2024-07-19 01:45:16
"28435",2024-07-19 03:00:14
"28438",2024-07-20 21:35:12
"28447",2024-07-22 21:50:09
"28448",2024-07-22 23:50:11
"28450",2024-07-23 13:45:15
"28457",2024-07-24 03:10:12
"28459",2024-07-24 08:35:14
"28461",2024-07-24 15:55:06
"28473",2024-07-26 10:55:08
"28474",2024-07-26 11:20:10
"28477",2024-07-27 18:50:08
"28478",2024-07-29 07:10:05
"28479",2024-07-29 10:50:10
"28482",2024-07-30 03:55:16
"28483",2024-07-30 08:00:18
"28488",2024-07-31 02:35:13
"28492",2024-07-31 23:05:17
"28495",2024-08-01 07:05:05
"28496",2024-08-01 07:20:11
"28499",2024-08-01 11:35:09
"28506",2024-08-02 10:45:11
"28507",2024-08-02 12:40:06
"28510",2024-08-05 09:35:09
"28513",2024-08-05 11:05:11
"28514",2024-08-06 09:00:11
"28517",2024-08-07 02:45:12
"28518",2024-08-07 08:10:08
"28521",2024-08-07 11:45:27
"28523",2024-08-07 12:05:11
"28524",2024-08-07 13:30:15
"28525",2024-08-08 10:30:11
"28528",2024-08-09 07:05:14
"28529",2024-08-09 14:40:08
"28531",2024-08-11 07:00:12
"28534",2024-08-13 07:35:16
"28535",2024-08-13 09:30:11
"28538",2024-08-14 05:00:17
"28541",2024-08-14 13:35:08
"28543",2024-08-15 13:20:12
"28544",2024-08-15 13:40:10
"28546",2024-08-16 01:50:13
"28548",2024-08-16 12:35:11
"28552",2024-08-17 21:35:14
"28555",2024-08-19 04:25:13
"28556",2024-08-19 05:00:12
"28562",2024-08-20 13:05:10
"28563",2024-08-20 13:10:07
"28565",2024-08-20 13:45:10
"28569",2024-08-20 15:40:08
"28575",2024-08-21 06:40:12
"28576",2024-08-21 09:00:11
"28578",2024-08-21 13:30:12
"28584",2024-08-22 05:35:11
"28585",2024-08-22 06:55:12
"28587",2024-08-22 12:35:11
"28588",2024-08-22 15:00:10
"28594",2024-08-23 21:40:10
"28597",2024-08-26 07:40:10
"28642",2024-08-26 11:35:12
"28669",2024-08-26 23:00:10
"28670",2024-08-26 23:35:11
"28677",2024-08-27 09:00:12
"28678",2024-08-27 09:55:09
"28682",2024-08-27 13:00:22
"28683",2024-08-27 13:10:12
"28684",2024-08-27 13:55:06
"28686",2024-08-28 09:35:11
"28687",2024-08-28 11:15:12
"28703",2024-08-29 10:35:10
"28704",2024-08-29 10:55:12
"28707",2024-08-30 03:35:13
"28711",2024-08-30 12:50:11
"28713",2024-08-30 16:00:07
"28714",2024-08-30 16:20:10
"28720",2024-08-31 07:50:11
"28721",2024-09-02 02:50:11
"28725",2024-09-02 15:35:12
"28741",2024-09-04 05:00:15
"28753",2024-09-05 08:45:12
"28754",2024-09-05 11:05:16
"28756",2024-09-05 15:35:10
"28759",2024-09-06 07:20:09
"28771",2024-09-09 07:10:11
"28848",2024-09-11 04:30:15
"28866",2024-09-13 06:45:11
"28867",2024-09-13 09:15:06
"28868",2024-09-13 10:15:06
"28886",2024-09-16 05:30:16
"28890",2024-09-16 10:25:06
"28892",2024-09-16 12:00:13
"28893",2024-09-16 13:25:12
"28896",2024-09-16 14:40:12
"28907",2024-09-19 13:30:06
"28911",2024-09-20 05:05:14
"28912",2024-09-20 06:55:27
"28916",2024-09-23 11:50:14
"28917",2024-09-23 12:40:10
"28920",2024-09-23 13:05:12
"28929",2024-09-25 13:40:10
"28934",2024-09-26 10:40:12
"28945",2024-10-01 12:05:13
"28946",2024-10-01 14:20:07
"28948",2024-10-02 03:20:12
"28950",2024-10-02 06:40:07
"28954",2024-10-02 13:05:12
"28956",2024-10-03 14:35:08
"28957",2024-10-03 17:45:07
"28959",2024-10-06 00:00:11
"28962",2024-10-07 06:50:11
"28965",2024-10-07 14:20:12
"28976",2024-10-10 14:25:08
"28977",2024-10-10 14:30:11
"28980",2024-10-11 12:05:12
"28981",2024-10-11 13:15:11
"28983",2024-10-13 23:50:10
"28984",2024-10-14 06:20:08
"28988",2024-10-14 11:10:10
"28989",2024-10-15 03:00:09
"28990",2024-10-15 07:05:37
"28991",2024-10-15 07:40:10
"28999",2024-10-15 10:45:06
"29000",2024-10-15 11:15:10
"29001",2024-10-15 23:35:12
"29005",2024-10-17 04:05:10
"29010",2024-10-18 14:30:10
"29012",2024-10-20 09:20:14
"29014",2024-10-21 03:15:10
"29031",2024-10-21 15:35:10
"29041",2024-10-22 05:35:11
"29043",2024-10-23 11:35:04
"29073",2024-10-24 10:35:09
"29074",2024-10-24 11:55:10
"29077",2024-10-25 10:35:09
"29099",2024-10-27 03:00:08
"29100",2024-10-28 03:40:07
"29104",2024-10-28 21:55:13
"29105",2024-10-29 10:05:09
"29113",2024-10-29 16:35:09
"29115",2024-10-30 05:05:12
"29116",2024-10-30 09:35:07
"29117",2024-10-30 11:10:08
"29120",2024-10-31 07:05:08
"29125",2024-10-31 12:40:11
"29140",2024-11-01 15:25:16
"29149",2024-11-02 11:00:10
"29150",2024-11-03 16:15:08
"29152",2024-11-04 04:55:10
"29157",2024-11-04 14:20:07
"29158",2024-11-04 15:20:08
"29159",2024-11-04 15:25:09
"29162",2024-11-05 07:30:05
"29190",2024-11-06 07:35:09
"29202",2024-11-07 01:45:10
"29205",2024-11-07 07:55:12
"29206",2024-11-07 13:15:12
"29209",2024-11-07 22:15:11
"29210",2024-11-08 04:55:11
"29211",2024-11-08 08:15:11
"29214",2024-11-08 08:35:11
"29218",2024-11-08 23:30:10
"29221",2024-11-10 20:45:11
"29226",2024-11-11 15:10:19
"29229",2024-11-12 08:15:09
"29230",2024-11-12 08:55:11
"29231",2024-11-12 09:30:10
"29232",2024-11-12 12:10:11
"29234",2024-11-12 12:50:11
"29235",2024-11-12 15:35:11
"29238",2024-11-13 13:35:07
"29239",2024-11-13 17:00:13
"29242",2024-11-14 12:35:05
"29243",2024-11-14 13:55:07
"29245",2024-11-15 00:45:11
"29248",2024-11-15 09:20:18
"29249",2024-11-15 15:25:07
"29252",2024-11-18 12:00:11
"29253",2024-11-18 13:50:10
"29254",2024-11-18 15:00:09
"29262",2024-11-19 19:45:11
"29265",2024-11-20 07:09:17
"29267",2024-11-20 08:15:10
"29269",2024-11-20 09:05:10
"29273",2024-11-21 07:35:11
"29274",2024-11-21 12:25:10
"29283",2024-11-22 02:05:10
"29294",2024-11-22 09:35:13
"29318",2024-11-22 10:55:10
"29321",2024-11-22 13:50:10
"29322",2024-11-22 14:42:12
"29323",2024-11-23 01:25:10
"29339",2024-11-24 13:15:08
"29345",2024-11-25 09:15:08
"29346",2024-11-25 10:55:18
"29349",2024-11-26 05:15:11
"29371",2024-11-27 07:30:11
"29382",2024-11-27 09:00:06
"29402",2024-11-28 12:45:13
"29412",2024-11-29 20:35:13
"29414",2024-11-30 10:40:06
"29419",2024-12-02 00:50:13
"29427",2024-12-02 14:55:21
"29430",2024-12-03 02:05:11
"29432",2024-12-03 08:20:31
"29433",2024-12-03 09:15:07
"29435",2024-12-03 14:50:10
"29436",2024-12-03 15:05:13
"29441",2024-12-05 00:05:13
"29442",2024-12-05 10:30:14
"29443",2024-12-05 11:25:09
"29446",2024-12-06 20:35:11
"29453",2024-12-10 07:45:22
"29455",2024-12-10 13:30:17
"29458",2024-12-11 09:00:09
"29460",2024-12-12 06:10:22
"29464",2024-12-12 09:05:08
"29465",2024-12-12 13:25:07
"29468",2024-12-13 17:05:14
"29476",2024-12-17 03:00:14
"29485",2024-12-17 10:25:28
"29489",2024-12-17 12:30:08
"29508",2024-12-18 03:20:12
"29510",2024-12-18 08:40:06
"29511",2024-12-18 09:50:06
"29543",2024-12-18 13:10:11
"29549",2024-12-19 06:25:10
"29554",2024-12-19 09:55:10
"29555",2024-12-19 10:10:07
"29556",2024-12-19 11:05:07
"29558",2024-12-19 11:15:09
"29561",2024-12-19 11:55:11
"29562",2024-12-19 13:50:07
"29563",2024-12-19 14:50:07
"29565",2024-12-19 16:20:09
"29566",2024-12-20 06:35:09
"29571",2024-12-20 10:35:11
"29572",2024-12-20 10:45:10
"29573",2024-12-20 14:05:08
"29574",2024-12-20 14:20:10
"29584",2024-12-23 02:05:10
"29585",2024-12-23 06:25:10
"29586",2024-12-23 08:40:07
"29587",2024-12-23 10:55:10
"29588",2024-12-23 15:25:11
"29593",2024-12-25 21:35:07
"29594",2024-12-26 04:10:12
"29603",2024-12-30 05:20:11
"29605",2024-12-30 13:30:08
"29606",2024-12-31 07:45:09
"29607",2024-12-31 17:45:11
"29608",2024-12-31 20:25:11
"29609",2025-01-01 13:10:09
"29610",2025-01-01 15:35:09
"29612",2025-01-02 06:45:11
"29613",2025-01-02 08:55:10
"29616",2025-01-02 13:35:10
"29617",2025-01-02 23:40:10
"29619",2025-01-03 10:00:12
"29620",2025-01-03 10:26:50
"29622",2025-01-03 11:35:11
"29628",2025-01-05 08:25:13
"29629",2025-01-05 15:25:12
"29635",2025-01-07 08:35:12
"29637",2025-01-07 09:35:11
"29640",2025-01-07 17:50:21
"29642",2025-01-08 10:30:31
"29643",2025-01-08 10:45:22
"29647",2025-01-08 20:40:14
"29650",2025-01-09 11:30:11
"29651",2025-01-09 14:25:10
"29656",2025-01-10 06:40:10
"29658",2025-01-10 08:40:10
"29659",2025-01-10 09:40:11
"29679",2025-01-14 10:10:15
"29680",2025-01-14 15:05:11
"29752",2025-01-14 20:35:07
"29754",2025-01-15 14:10:12
"29755",2025-01-15 16:45:07
"29756",2025-01-16 10:30:12
"29760",2025-01-16 15:40:11
"29761",2025-01-17 06:15:06
"29762",2025-01-17 06:50:11
"29763",2025-01-17 07:00:10
"29787",2025-01-21 07:50:10
"29790",2025-01-21 11:00:06
"29792",2025-01-21 11:15:12
"29793",2025-01-21 12:40:08
"29800",2025-01-21 18:45:12
"29801",2025-01-21 19:45:07
"29804",2025-01-22 07:25:07
"29805",2025-01-22 08:05:06
"29807",2025-01-23 10:35:13
"29808",2025-01-23 11:30:06
"29809",2025-01-23 22:00:11
"29810",2025-01-24 00:25:10
"29811",2025-01-24 05:20:12
"29816",2025-01-24 23:00:11
"29818",2025-01-25 09:20:10
"29819",2025-01-25 13:30:08
"29820",2025-01-25 21:00:10
"29823",2025-01-27 01:15:10
"29824",2025-01-27 01:25:09
"29826",2025-01-27 10:00:13
"29830",2025-01-27 13:45:12
"29831",2025-01-27 14:45:08
"29832",2025-01-27 14:50:08
"29835",2025-01-28 09:30:11
"29838",2025-01-28 14:45:06
"29840",2025-01-28 20:00:08
"29844",2025-01-29 17:35:09
"29847",2025-01-30 17:35:12
"29849",2025-01-31 01:40:06
"29854",2025-02-01 05:45:12
"29861",2025-02-03 10:25:07
"29864",2025-02-03 15:55:07
"29869",2025-02-04 08:30:10
"29873",2025-02-04 12:15:10
"29879",2025-02-05 12:45:08
"29882",2025-02-06 15:00:10
"29883",2025-02-07 08:05:19
"29886",2025-02-07 13:15:10
"29888",2025-02-07 22:50:10
"29889",2025-02-08 03:25:07
"29890",2025-02-09 11:55:06
"29895",2025-02-10 05:35:11
"29898",2025-02-10 11:35:11
"29900",2025-02-10 12:25:14
"29901",2025-02-10 13:15:08
"29902",2025-02-10 21:50:21
"29917",2025-02-12 14:25:12
"29918",2025-02-12 14:40:11
"29921",2025-02-13 01:00:12
"29925",2025-02-13 10:15:10
"29928",2025-02-14 03:20:13
"29929",2025-02-14 03:35:12
"29931",2025-02-14 06:00:05
"29933",2025-02-14 08:50:10
"29934",2025-02-14 09:40:06
"29936",2025-02-16 05:05:12
"29937",2025-02-17 13:55:16
"29941",2025-02-18 02:37:55
"29943",2025-02-18 12:30:08
"29952",2025-02-19 23:40:11
"29953",2025-02-20 00:55:14
"29956",2025-02-20 10:50:05
"29957",2025-02-20 13:55:11
"29958",2025-02-21 02:35:27
"29961",2025-02-24 15:15:15
"29962",2025-02-25 09:20:11
"29965",2025-02-26 07:00:12
"29966",2025-02-26 08:00:11
"29967",2025-02-26 09:55:14
"29968",2025-02-26 10:20:11
"29969",2025-02-26 13:10:15
"29970",2025-02-26 14:40:07
"29971",2025-02-27 04:20:07
"29973",2025-02-27 11:15:11
"29974",2025-02-27 12:10:10
"29975",2025-02-27 12:10:12
"29976",2025-02-27 12:15:19
"29979",2025-02-28 12:25:07
"29981",2025-02-28 12:45:11
"29982",2025-03-01 04:15:14
"29988",2025-03-02 07:55:11
"29991",2025-03-03 09:10:14
"29998",2025-03-04 10:50:09
"30000",2025-03-04 12:10:14
"30001",2025-03-04 12:25:10
"30006",2025-03-05 01:50:12
"30012",2025-03-06 06:05:08
"30013",2025-03-06 06:05:11
"30014",2025-03-06 10:25:14
"30018",2025-03-06 17:45:07
"30019",2025-03-07 06:10:08
"30020",2025-03-07 07:05:17
"30021",2025-03-07 07:45:12
"30022",2025-03-07 07:55:11
"30029",2025-03-08 13:45:09
"30031",2025-03-09 14:35:09
"30035",2025-03-10 05:10:13
"30036",2025-03-10 12:30:08
"30039",2025-03-11 11:00:15
"30041",2025-03-11 16:00:28
"30043",2025-03-12 13:40:32
"30049",2025-03-13 11:50:14
"30050",2025-03-13 15:30:16
"30053",2025-03-15 02:55:16
"30054",2025-03-15 06:00:12
"30056",2025-03-17 05:50:07
"30059",2025-03-17 13:30:12
"30069",2025-03-18 17:25:11
"30070",2025-03-19 05:05:13
"30073",2025-03-19 12:05:15
"30076",2025-03-20 09:10:08
"30078",2025-03-20 18:20:09
"30079",2025-03-21 06:55:12
"30080",2025-03-21 07:50:11
"30081",2025-03-21 09:00:09
"30097",2025-03-24 04:50:14
"30100",2025-03-24 10:45:12
"30102",2025-03-25 08:45:11
"30103",2025-03-26 01:55:11
"30104",2025-03-26 08:06:11
"30110",2025-03-26 14:05:09
"30114",2025-03-27 10:00:14
"30116",2025-03-28 09:50:08
"30119",2025-03-28 16:10:07
"30127",2025-04-02 15:40:09
"30132",2025-04-03 08:20:17
"30136",2025-04-03 20:00:14
"30139",2025-04-04 05:50:13
"30140",2025-04-04 07:25:14
"30141",2025-04-04 23:30:13
"30145",2025-04-07 13:00:11
"30148",2025-04-07 16:45:08
"30150",2025-04-08 06:35:20
"30151",2025-04-08 18:05:18
"30155",2025-04-10 04:50:24
"30156",2025-04-10 06:50:17
"30158",2025-04-10 08:15:07
"30159",2025-04-10 09:00:08
"30160",2025-04-10 10:40:08
"30163",2025-04-10 13:40:06
"30171",2025-04-11 08:15:20
"30172",2025-04-11 12:25:09
"30174",2025-04-12 02:15:20
"30175",2025-04-12 02:50:14
"30178",2025-04-14 04:30:11
"30186",2025-04-16 00:40:11
"30188",2025-04-17 08:10:13
"30191",2025-04-18 13:15:08
"30192",2025-04-19 12:05:09
"30193",2025-04-21 13:40:13
"30194",2025-04-21 15:45:07
"30199",2025-04-22 10:05:12
"30203",2025-04-22 12:55:13
"30206",2025-04-22 13:45:10
"30208",2025-04-22 22:25:16
"30210",2025-04-23 10:10:12
"30213",2025-04-23 12:20:17
"30214",2025-04-23 12:25:16
"30215",2025-04-23 13:45:08
"30217",2025-04-23 15:41:12
"30218",2025-04-24 06:30:07
"30219",2025-04-24 10:05:09
"30223",2025-04-25 08:35:13
"30225",2025-04-25 09:30:13
"30227",2025-04-25 11:15:09
"30228",2025-04-25 15:55:08
"30229",2025-04-25 17:10:09
"30231",2025-04-26 02:50:10
"30239",2025-04-27 09:10:12
"30242",2025-04-28 09:41:44
"30263",2025-04-29 10:25:13
"30264",2025-04-29 13:25:09
"30265",2025-04-29 16:56:02
"30266",2025-04-30 06:15:06
"30268",2025-04-30 15:25:09
"30269",2025-04-30 22:35:07
"30274",2025-05-02 10:25:16
"30276",2025-05-03 14:50:15
"30277",2025-05-04 08:20:15
"30279",2025-05-04 15:00:07
"30284",2025-05-05 09:25:41
"30285",2025-05-05 13:00:06
"30286",2025-05-05 23:50:15
"30288",2025-05-06 04:15:13
"30289",2025-05-06 05:40:12
"30290",2025-05-06 05:55:13
"30293",2025-05-06 09:35:13
"30304",2025-05-07 18:20:14
"30306",2025-05-08 10:35:08
"30308",2025-05-08 12:05:08
"30310",2025-05-09 06:20:06
"30312",2025-05-10 02:55:14
"30316",2025-05-12 11:30:18
"30327",2025-05-13 09:40:14
"30351",2025-05-13 15:05:07
"30352",2025-05-14 08:15:17
"30353",2025-05-14 11:30:16
"30354",2025-05-14 11:55:11
"30355",2025-05-14 20:40:25
"30356",2025-05-15 05:00:16
"30360",2025-05-15 14:10:11
"30362",2025-05-15 16:00:09
"30364",2025-05-16 03:10:12
"30368",2025-05-17 04:40:15
"30370",2025-05-18 17:05:12
"30373",2025-05-19 06:35:06
"30374",2025-05-19 06:40:13
"30376",2025-05-19 11:20:13
"30377",2025-05-19 11:35:08
"30379",2025-05-19 21:15:15
"30380",2025-05-20 10:30:06
"30381",2025-05-22 01:00:14
"30386",2025-05-22 10:10:12
"30387",2025-05-22 11:00:12
"30389",2025-05-22 13:45:23
"30393",2025-05-26 10:25:12
"30395",2025-05-27 09:20:12
"30400",2025-05-28 08:35:12
"30403",2025-05-28 11:06:09
"30404",2025-05-28 11:06:23
"30407",2025-05-28 11:07:59
"30409",2025-05-28 11:08:16
"30418",2025-05-28 11:13:11
"30429",2025-05-28 12:30:10
"30435",2025-05-29 11:00:15
"30436",2025-05-29 13:00:12
"30437",2025-05-29 15:40:17
"30438",2025-05-29 17:00:09
"30441",2025-05-30 08:25:09
"30442",2025-05-30 10:10:11
"30443",2025-05-30 13:25:10
"30444",2025-05-31 03:20:14
"30447",2025-05-31 07:30:13
"30448",2025-05-31 14:00:13
"30449",2025-06-01 13:25:14
"30452",2025-06-02 09:25:10
"30457",2025-06-02 18:55:39
"30460",2025-06-03 10:30:15
"30462",2025-06-03 13:00:50
"30463",2025-06-03 13:05:59
"30464",2025-06-03 13:35:44
"30471",2025-06-04 14:35:46
"30472",2025-06-04 14:36:07
"30476",2025-06-04 15:55:12
"30478",2025-06-05 11:15:13
"30479",2025-06-05 15:50:27
"30484",2025-06-05 21:25:13
"30485",2025-06-06 04:00:11
"30487",2025-06-06 08:35:16
"30488",2025-06-06 09:30:12
"30489",2025-06-06 11:45:12
"30503",2025-06-09 10:30:12
"30504",2025-06-09 23:40:12
"30506",2025-06-10 15:00:12
"30507",2025-06-10 17:40:26
"30511",2025-06-11 14:55:12
"30516",2025-06-11 22:05:11
"30517",2025-06-12 05:40:15
"30518",2025-06-12 08:30:11
"30520",2025-06-12 19:30:09
"30522",2025-06-13 07:20:11
"30523",2025-06-13 12:50:09
"30524",2025-06-14 07:10:12
"30526",2025-06-16 06:40:12
"30527",2025-06-16 12:20:14
"30530",2025-06-17 10:55:10
"30531",2025-06-17 12:10:14
"30538",2025-06-18 17:30:13
"30545",2025-06-19 20:51:01
"30548",2025-06-20 10:40:13
"30553",2025-06-23 15:40:21
"30554",2025-06-23 17:05:19
"30559",2025-06-24 20:25:15
"30560",2025-06-25 03:40:12
"30561",2025-06-25 07:05:15
"30571",2025-06-27 07:05:14
"30572",2025-06-27 09:40:13
"30576",2025-06-29 08:30:14
"30584",2025-06-30 07:05:12
"30588",2025-06-30 09:15:14
"30595",2025-06-30 15:10:12
"30596",2025-06-30 19:50:12
"30597",2025-07-01 06:30:12
"30601",2025-07-01 12:35:12
"30604",2025-07-02 05:45:14
"30611",2025-07-03 13:00:08
"30612",2025-07-03 18:30:09
"30618",2025-07-07 03:25:12
"30623",2025-07-07 11:50:16
"30624",2025-07-07 11:50:30
"30626",2025-07-07 13:40:12
"30628",2025-07-08 04:55:13
"30636",2025-07-08 13:20:13
"30637",2025-07-08 16:00:13
"30638",2025-07-08 16:05:11
"30641",2025-07-09 10:50:13
"30642",2025-07-09 11:10:09
"30643",2025-07-09 20:40:13
"30646",2025-07-10 13:00:14
"30648",2025-07-10 14:50:09
"30649",2025-07-10 16:00:15
"30654",2025-07-12 03:45:12
"30655",2025-07-12 19:45:09
"30660",2025-07-14 06:55:12
"30663",2025-07-14 10:55:09
"30666",2025-07-14 14:00:09
"30668",2025-07-14 14:35:13
"30673",2025-07-15 05:50:14
"30682",2025-07-16 14:55:14
"30683",2025-07-16 17:05:11
"30684",2025-07-16 18:25:11
"30693",2025-07-18 22:10:15
"30694",2025-07-19 11:55:14
"30699",2025-07-21 12:00:15
"30700",2025-07-21 20:20:41
"30714",2025-07-24 12:00:12
"30717",2025-07-25 06:05:15
"30725",2025-07-26 14:30:13
"30731",2025-07-28 11:40:12
"30732",2025-07-28 12:45:10
"30734",2025-07-29 03:40:15
"30737",2025-07-30 08:40:15
"30738",2025-07-30 15:21:13
"30740",2025-07-31 09:55:05
"30747",2025-08-01 14:00:09
"30749",2025-08-03 23:35:14
"30751",2025-08-04 02:40:14
"30758",2025-08-04 11:40:18
"30764",2025-08-04 16:55:21
"30765",2025-08-04 19:15:09
"30776",2025-08-05 18:40:12
"30778",2025-08-06 01:45:13
"30784",2025-08-06 14:25:11
"30788",2025-08-07 03:20:13
"30790",2025-08-07 10:35:11
"30806",2025-08-07 19:05:12
"30808",2025-08-08 21:25:15
"30809",2025-08-09 12:35:17
"30814",2025-08-09 22:50:10
"30816",2025-08-11 06:50:14
"30817",2025-08-11 07:55:12
"30818",2025-08-11 10:35:14
"30819",2025-08-11 14:55:10
"30825",2025-08-11 23:20:15
"30826",2025-08-12 09:20:12
"30835",2025-08-14 15:45:13
"30838",2025-08-17 01:40:10
"30840",2025-08-18 13:25:12
"30845",2025-08-19 15:15:17
"30847",2025-08-20 06:50:15
"30848",2025-08-20 06:50:17
"30851",2025-08-20 13:20:12
"30852",2025-08-21 00:55:15
"30853",2025-08-21 07:50:09
"30855",2025-08-21 11:10:12
"30860",2025-08-21 15:40:08
"30868",2025-08-22 04:25:11
"30871",2025-08-23 23:20:13
"30872",2025-08-24 05:45:13
"30873",2025-08-25 02:55:14
"30874",2025-08-25 09:35:36
"30882",2025-08-26 12:15:10
"30883",2025-08-26 12:40:14
"30887",2025-08-27 11:40:13
"30889",2025-08-28 10:50:25
"30897",2025-08-28 15:55:13
"30898",2025-08-29 06:20:17
"30910",2025-09-03 07:00:09
"30918",2025-09-04 11:55:29
"30919",2025-09-04 12:35:10
"30937",2025-09-06 02:50:12
"30940",2025-09-08 03:00:13
"30945",2025-09-08 15:25:22
"30947",2025-09-09 06:15:11
"30948",2025-09-09 06:40:24
"30950",2025-09-09 07:05:11
"30971",2025-09-10 18:10:23
"30973",2025-09-10 18:15:25
"30974",2025-09-11 01:30:14
"30976",2025-09-11 11:00:13
"30978",2025-09-12 15:50:11
"30979",2025-09-14 12:00:08
"30984",2025-09-16 11:15:10
"30986",2025-09-17 14:30:17
"30989",2025-09-18 08:50:16
"30992",2025-09-18 10:15:11
"30995",2025-09-18 12:00:28
"31000",2025-09-19 01:15:12
"31001",2025-09-19 15:05:10
"31003",2025-09-20 17:10:09
"31005",2025-09-20 22:10:12
"31006",2025-09-22 02:20:15
"31009",2025-09-22 03:40:10
"31010",2025-09-22 07:25:24
"31013",2025-09-22 11:40:12
"31014",2025-09-22 12:30:10
"31017",2025-09-22 22:05:48
"31020",2025-09-23 06:05:13
"31022",2025-09-24 10:15:12
"31026",2025-09-24 14:00:16
"31028",2025-09-25 06:00:14
"31030",2025-09-25 12:00:12
"31034",2025-09-26 14:35:16
"31035",2025-09-26 17:20:11
"31037",2025-09-27 15:45:11
"31039",2025-09-28 09:25:08
"31040",2025-09-28 12:30:58
"31041",2025-09-29 06:55:12
"31050",2025-10-02 09:35:09
"31052",2025-10-03 07:35:18
"31053",2025-10-03 07:45:12
"31058",2025-10-07 09:55:13
"31060",2025-10-08 09:55:10
"31069",2025-10-10 23:45:14
"31070",2025-10-11 02:30:12
"31072",2025-10-11 20:20:12
"31073",2025-10-13 09:45:12
"31084",2025-10-15 15:35:28
"31087",2025-10-16 00:50:11
"31091",2025-10-16 09:15:31
"31099",2025-10-17 05:50:13
"31100",2025-10-17 08:10:12
"31114",2025-10-20 10:15:11
"31115",2025-10-20 11:10:11
"31119",2025-10-21 11:40:13
"31120",2025-10-22 05:50:14
"31123",2025-10-22 08:50:13
"31124",2025-10-22 09:25:17
"31125",2025-10-22 11:20:17
"31126",2025-10-22 16:00:14
"31127",2025-10-23 12:15:18
"31129",2025-10-24 17:55:17
"31135",2025-10-27 10:55:14
"31136",2025-10-27 12:45:13
"31138",2025-10-28 03:55:19
"31139",2025-10-28 04:50:13
"31144",2025-10-28 23:22:40
"31146",2025-10-29 00:40:15
"31158",2025-10-31 09:25:12
"31159",2025-10-31 12:05:14
"31160",2025-10-31 12:05:16
"31168",2025-11-03 05:20:11
"31170",2025-11-03 10:45:10
"31175",2025-11-04 01:05:13
"31177",2025-11-04 05:55:16
"31178",2025-11-04 08:10:12
"31181",2025-11-05 10:05:11
"31190",2025-11-06 04:40:12
"31192",2025-11-06 12:40:28
"31193",2025-11-06 17:10:18
"31195",2025-11-06 22:50:13
"31201",2025-11-08 07:10:12
"31202",2025-11-08 14:30:16
"31203",2025-11-09 19:15:09
"31204",2025-11-09 21:40:09
"31208",2025-11-10 16:05:42
"31209",2025-11-11 02:50:12
"31213",2025-11-12 07:40:14
"31215",2025-11-12 11:05:08
"31219",2025-11-13 07:55:14
"31225",2025-11-15 11:25:13
"31226",2025-11-16 22:10:22
"31265",2025-11-17 12:20:24
"31271",2025-11-18 05:40:13
"31273",2025-11-18 08:40:11
"31318",2025-11-18 13:50:05
"31326",2025-11-19 08:05:14
"31333",2025-11-19 13:05:10
"31335",2025-11-19 13:45:14
"31339",2025-11-19 23:25:26
"31340",2025-11-20 08:55:12
"31350",2025-11-20 21:55:14
"31359",2025-11-21 11:20:16
"31362",2025-11-21 13:20:10
"31365",2025-11-21 20:10:09
"31371",2025-11-23 22:40:14
"31373",2025-11-24 09:25:12
"31374",2025-11-24 09:25:13
"31376",2025-11-24 20:20:14
"31377",2025-11-24 23:15:18
"31380",2025-11-25 12:30:15
"31382",2025-11-25 14:00:09
"31383",2025-11-25 18:00:14
"31387",2025-11-26 03:45:10
"31388",2025-11-26 05:10:16
"31391",2025-11-26 10:45:12
"31395",2025-11-27 05:35:14
"31397",2025-11-27 22:40:21
"31406",2025-11-28 03:45:14
"31409",2025-11-28 09:20:11
"31413",2025-11-30 17:45:14
"31415",2025-11-30 23:55:13
"31418",2025-12-01 08:35:12
"31419",2025-12-01 09:05:17
"31421",2025-12-01 10:55:15
"31445",2025-12-01 18:10:08
"31460",2025-12-02 07:55:13
"31468",2025-12-02 19:05:13
"31630",2025-12-03 10:40:10
"31676",2025-12-08 05:45:20
"31684",2025-12-08 13:10:20
"31687",2025-12-09 07:45:09
"31688",2025-12-09 08:10:55
"31691",2025-12-09 16:25:11
"31702",2025-12-10 22:26:48
"31707",2025-12-11 17:35:11
"31709",2025-12-11 18:35:24
"31711",2025-12-12 02:55:15
"31713",2025-12-12 19:30:14
"31715",2025-12-13 12:40:11
"31716",2025-12-13 12:55:10
"31717",2025-12-15 10:30:12
"31719",2025-12-16 02:06:00
"31720",2025-12-16 09:50:09
"31721",2025-12-16 11:50:16
"31723",2025-12-17 14:55:19
"31763",2025-12-18 06:26:27
"31808",2025-12-22 22:55:09
"31809",2025-12-23 09:00:13
"31813",2025-12-27 01:01:05
"31817",2025-12-27 15:05:09
"31818",2025-12-29 01:00:19
"31821",2025-12-29 02:35:16
"31822",2025-12-29 03:30:14
"31823",2025-12-29 10:50:13
"31824",2025-12-30 08:25:12
"31827",2025-12-31 15:15:09
"31830",2026-01-02 07:15:09
"31836",2026-01-04 10:50:11
"31838",2026-01-04 16:35:13
"31839",2026-01-04 19:55:12
"31840",2026-01-05 00:35:34
"31851",2026-01-05 10:11:00
"31853",2026-01-06 11:00:12
"31857",2026-01-07 02:50:09
"31858",2026-01-07 06:40:16
"31859",2026-01-07 12:25:11
"31860",2026-01-07 15:00:09
"31862",2026-01-07 16:45:15
"31864",2026-01-08 07:25:10
"31871",2026-01-09 12:20:11
"31875",2026-01-11 16:50:10
"31876",2026-01-11 20:10:12
"31878",2026-01-12 17:20:30
"31879",2026-01-13 07:15:13
"31880",2026-01-13 07:55:13
"31883",2026-01-13 11:55:10
"31884",2026-01-13 16:40:15
"31886",2026-01-14 06:20:11
"31887",2026-01-14 14:10:16
"31888",2026-01-14 16:45:11
"31889",2026-01-15 03:55:14
"31893",2026-01-15 18:50:30
"31895",2026-01-16 06:10:20
"31896",2026-01-16 07:55:14
"31898",2026-01-16 09:10:12
"31901",2026-01-16 11:15:11
"31910",2026-01-20 10:00:11
"31911",2026-01-20 11:40:12
"31915",2026-01-20 16:15:12
"31917",2026-01-21 07:10:10
"31918",2026-01-21 08:57:23
"31919",2026-01-21 12:33:17
"31921",2026-01-22 12:55:11
"31923",2026-01-23 07:20:14
"31924",2026-01-23 07:35:15
"31928",2026-01-24 13:25:14
"31933",2026-01-25 10:35:08
"31937",2026-01-26 14:20:15
"31938",2026-01-26 14:35:12
"31939",2026-01-27 01:00:14
"31950",2026-01-28 09:05:19
"31953",2026-01-28 10:10:07
"31959",2026-01-29 02:05:14
"31961",2026-01-29 11:40:21
"31963",2026-01-30 06:45:06
"31965",2026-01-30 17:00:14
"31968",2026-02-02 06:15:27
"31970",2026-02-02 10:35:10
"31977",2026-02-03 21:55:11
"31978",2026-02-04 11:00:12
"31980",2026-02-04 19:45:12
"31986",2026-02-05 12:20:12
"32017",2026-02-05 19:45:17
"32019",2026-02-06 07:00:18
"32022",2026-02-08 07:10:40
"32031",2026-02-12 07:00:15
"32033",2026-02-12 08:55:12
"32035",2026-02-12 20:50:13
"32038",2026-02-13 08:20:12
"32040",2026-02-13 08:30:08
"32047",2026-02-16 11:45:13
"32054",2026-02-18 11:55:08
"32055",2026-02-18 13:25:12
"32056",2026-02-18 16:50:19
"32057",2026-02-19 03:20:11
"32058",2026-02-19 08:01:41
"32070",2026-02-20 13:55:14
"32075",2026-02-21 21:25:11
"32076",2026-02-21 21:55:12
"32078",2026-02-23 06:00:13
"32081",2026-02-23 09:45:11
"32083",2026-02-24 06:00:09
"32087",2026-02-25 07:05:16
"32088",2026-02-25 09:20:09
"32092",2026-02-25 13:30:13
"32093",2026-02-25 13:35:12
"32096",2026-02-26 23:40:07
"32111",2026-02-28 07:15:12
"32113",2026-03-01 18:30:10
"32115",2026-03-01 22:05:12
"32118",2026-03-02 12:40:12
"32119",2026-03-02 13:35:10
"32124",2026-03-02 14:40:39
"32127",2026-03-03 04:15:08
"32132",2026-03-03 16:05:08
"32133",2026-03-04 07:00:19
"32137",2026-03-04 14:05:07
"32148",2026-03-06 15:30:09
"32149",2026-03-07 05:20:12
"32153",2026-03-10 11:40:13
"32156",2026-03-10 15:30:12
"32160",2026-03-11 14:00:08
"32161",2026-03-11 14:30:15
"32163",2026-03-11 20:15:10
"32174",2026-03-12 14:10:10
"32175",2026-03-12 14:15:14
"32176",2026-03-13 01:55:11
"32177",2026-03-13 12:00:07
"32178",2026-03-13 17:05:07
"32180",2026-03-15 05:10:13
"32187",2026-03-16 18:05:12
"32188",2026-03-17 16:40:10
"32190",2026-03-18 15:45:12
"32195",2026-03-19 03:15:12
"32196",2026-03-19 11:10:09
"32203",2026-03-20 07:15:13
"32204",2026-03-20 08:25:10
"32205",2026-03-20 08:30:09
"32211",2026-03-20 14:40:08
"32220",2026-03-21 09:30:18
"32221",2026-03-21 18:10:08
"32232",2026-03-23 12:30:23
"32236",2026-03-23 13:35:11
"32237",2026-03-23 16:10:08
"32238",2026-03-23 16:35:08
"32241",2026-03-24 13:35:12
"32243",2026-03-25 07:30:12
"32244",2026-03-25 11:45:12
"32246",2026-03-26 06:30:13
"32247",2026-03-26 08:55:14
"32249",2026-03-26 21:25:12
"32251",2026-03-27 08:20:12
"32252",2026-03-27 13:50:15
"32256",2026-03-28 08:30:09
"32257",2026-03-28 10:05:18
"32258",2026-03-28 13:40:08
"32261",2026-03-30 12:00:08
"32266",2026-03-31 08:00:12
"32269",2026-03-31 14:00:12
"32272",2026-04-01 04:25:06
"32273",2026-04-01 04:25:12
"32274",2026-04-01 10:10:08
"32276",2026-04-01 11:40:09
"32277",2026-04-01 14:05:10
"32278",2026-04-02 08:45:07
"32280",2026-04-02 09:50:11
"32281",2026-04-02 09:55:12
"32284",2026-04-02 11:00:13
"32285",2026-04-02 12:35:15
"32286",2026-04-02 14:35:08
"32301",2026-04-04 09:40:12
"32302",2026-04-04 10:15:13
"32309",2026-04-06 11:05:10
"32310",2026-04-06 11:45:11
"32323",2026-04-07 09:00:14
"32326",2026-04-07 11:20:08
"32360",2026-04-08 06:55:33
"32376",2026-04-11 10:25:12
"32378",2026-04-12 18:20:09
"32381",2026-04-13 08:25:15
"32392",2026-04-13 18:55:15
"32394",2026-04-14 05:45:13
"32404",2026-04-14 12:55:11
"32410",2026-04-15 10:00:17
"32411",2026-04-15 10:35:11
"32420",2026-04-16 12:10:08
"32428",2026-04-18 10:30:15
"32430",2026-04-20 04:10:11
"32440",2026-04-21 13:20:17
"32445",2026-04-22 14:50:16
"32452",2026-04-24 14:20:09
"32454",2026-04-25 03:55:14
"32455",2026-04-25 12:20:12
"32459",2026-04-27 11:25:09
"32460",2026-04-27 13:15:08
"32461",2026-04-27 15:15:06
"32462",2026-04-28 10:25:05
"32463",2026-04-29 07:00:13
"32465",2026-04-29 11:00:06
"32469",2026-04-29 22:32:58
"32472",2026-04-30 06:05:16
"32473",2026-04-30 10:55:14
"32475",2026-04-30 12:30:07
"32476",2026-04-30 13:25:11
"32479",2026-05-01 08:45:09
"32480",2026-05-01 10:10:12
"32488",2026-05-03 18:55:07
"32490",2026-05-05 10:15:06
"32491",2026-05-05 12:35:09
"32505",2026-05-07 07:30:07
"32509",2026-05-08 07:55:14
"32515",2026-05-08 10:45:06
"32529",2026-05-09 13:35:13
"32533",2026-05-09 16:35:07
"32570",2026-05-12 02:25:13
"32575",2026-05-12 08:35:09
"32576",2026-05-12 16:10:09
"32579",2026-05-13 16:45:10
"32580",2026-05-14 05:05:15
"32587",2026-05-16 06:45:13
"32589",2026-05-17 05:30:09
"32594",2026-05-17 09:40:09
"32598",2026-05-18 07:25:11
"32601",2026-05-18 13:00:09
"32602",2026-05-18 13:25:08
"32609",2026-05-19 20:00:08
"32611",2026-05-20 11:00:09
"32615",2026-05-20 16:25:12
"32618",2026-05-20 22:05:10
"32623",2026-05-22 13:00:06
"32627",2026-05-25 11:05:14
"32629",2026-05-25 16:25:29
"32636",2026-05-26 05:35:11
"32637",2026-05-26 08:45:07
"32642",2026-05-26 12:00:09
"32643",2026-05-26 12:10:08
"32645",2026-05-26 19:50:15
"32647",2026-05-27 05:10:17
"32650",2026-05-27 14:35:14
"32655",2026-05-27 21:00:11
"32663",2026-05-28 10:20:07
"32676",2026-06-02 07:15:14
"32678",2026-06-03 00:50:09
"32679",2026-06-03 07:05:09
"32691",2026-06-05 17:25:08
"32698",2026-06-10 14:30:13
"32704",2026-06-11 21:45:30
"32712",2026-06-17 08:40:07
"32716",2026-06-17 11:00:07
"32717",2026-06-17 11:20:13
"32722",2026-06-18 04:45:07
"32725",2026-06-18 16:45:10
"32728",2026-06-21 05:55:57
"32736",2026-06-23 07:25:09
"32743",2026-06-24 07:15:21
"32751",2026-06-24 11:50:06
"32752",2026-06-24 12:00:10
"32753",2026-06-24 23:20:14
"32758",2026-06-25 10:50:10
"32759",2026-06-25 12:50:06
"32763",2026-06-26 18:40:09
"32766",2026-06-27 11:55:11
"32769",2026-06-29 13:50:06
"32771",2026-07-01 13:35:07
"32772",2026-07-01 14:50:07
"32773",2026-07-01 15:45:06
"32775",2026-07-02 08:55:14
"32778",2026-07-03 10:35:11
"32780",2026-07-04 14:45:12
"32781",2026-07-06 03:05:17
"32785",2026-07-07 06:30:19
"32786",2026-07-07 08:50:11
"32788",2026-07-07 09:55:05
"32789",2026-07-07 11:00:07
"32790",2026-07-07 11:05:11
"32798",2026-07-09 09:15:12
"32799",2026-07-09 10:15:16
"32800",2026-07-09 10:15:19
"32801",2026-07-09 11:35:08
"32803",2026-07-09 13:15:07
"32806",2026-07-10 11:10:08
"32819",2026-07-14 05:50:13
"32820",2026-07-15 00:25:12
"32821",2026-07-15 08:45:07
"32824",2026-07-15 13:55:19
"32827",2026-07-16 13:30:12
"32835",2026-07-19 08:25:21
"32839",2026-07-20 09:45:11
"32841",2026-07-21 04:20:13
"32842",2026-07-21 06:35:16
"32844",2026-07-21 17:45:08
"32848",2026-07-22 10:00:08
"32850",2026-07-22 11:15:16
"32857",2026-07-24 13:35:21
"32860",2026-07-27 12:35:09
"32861",2026-07-27 12:45:26
"32863",2026-07-28 03:05:12
"32864",2026-07-28 06:25:15
"32866",2026-07-28 08:15:09
"32878",2026-07-29 08:50:13
"32882",2026-07-30 12:15:18
"32883",2026-07-30 14:55:09
"32885",2026-07-31 09:00:19
"32886",2026-07-31 15:55:08
"32899",2026-08-02 17:35:14
"32900",2026-08-02 22:30:25
"32909",2026-08-04 09:10:08
"32910",2026-08-04 09:50:24
"32931",2026-08-05 12:30:07
"32939",2026-08-06 05:50:27
"32942",2026-08-06 17:10:12
"32957",2026-08-07 09:55:12
"32967",2026-08-07 17:45:18
"32987",2026-08-09 16:50:09
"32988",2026-08-09 17:25:22
"32989",2026-08-09 18:50:15
"32991",2026-08-10 04:50:33
"32996",2026-08-11 02:35:23
"32998",2026-08-11 07:00:24
"32999",2026-08-11 09:25:09
"33000",2026-08-11 12:10:27
"33002",2026-08-12 03:10:16
"33005",2026-08-14 13:07:34
"33006",2026-08-14 13:25:08
"33008",2026-08-15 01:51:20
"33012",2026-08-17 08:35:41
"33013",2026-08-17 09:55:08
"33014",2026-08-17 13:15:17
"33018",2026-08-18 10:55:14
